和のコトコトはじめ倶楽部,17
御船山楽園,472
幸楽窯 徳永陶磁器(株),137
唐津城,799
武雄の大楠,230
嬉野温泉,979
吉野ヶ里歴史公園,916
虹の松原,695
有田ポーセリンパーク,283
呼子朝市,723
大川三世代,11
宝当神社,379
武雄温泉,358
うれしの源泉 百年の湯,77
古湯温泉 ONCRI_おんくり,30
鳥栖プレミアム・アウトレット,1101
志田焼の里博物館,50
道の駅 太良 たらふく館,203
飛龍窯工房,11
佐賀県立宇宙科学館「ゆめぎんが」,470
豊玉姫神社(佐賀県嬉野市),277
轟の滝(佐賀県嬉野市),263
武雄市図書館・歴史資料館,360
名護屋城跡,275
山本農園,10
祐徳稲荷神社,497
かき焼き おみやげ村,59
肥前夢街道,357
ひがしせふり温泉山茶花の湯,218
旧唐津銀行,161
佐賀県立佐賀城本丸歴史館,289
ハミルトン宇礼志野,97
大正屋椎葉山荘,175
お茶ちゃ村,292
武雄・嬉野 メルヘン村,326
鏡山展望テラス,233
漁師民宿 大慶,37
旧高取邸,9
波戸岬,337
佐賀県立名護屋城博物館,113
陶路館 潤人,17
吉野ヶ里温泉 卑弥呼乃湯,4
佐賀大和温泉ホテル&アマンディ,56
西山田農園 森の家,14
伊万里温泉 白磁乃湯,35
嬉野河畔に佇む日本のリゾート 和多屋別荘,87
武雄温泉楼門,323
竹崎城址展望台,83
岸岳窯三帰庵,22
風の見える丘公園,168
大興善寺,74
陶芸倶楽部ひな窯,54
武雄神社(武雄五社大明神),73
嬉野温泉 日本三大美肌の湯 旅館吉田屋-RYOKAN YOSHIDAYA-,35
アリタセラ,151
茶心の宿 和楽園,28
新日本製陶株式会社,35
北方温泉 四季の里 七彩の湯,43
農家民泊 あんちゃん家,2
瑞光寺(佐賀県嬉野市),11
フィッシングセンターうおまん,2
轟の滝公園(佐賀県嬉野市),33
三瀬ルベール牧場どんぐり村,364
温泉タクシー株式会社,6
シーボルトの湯,80
シチメンソウ自生地,23
湯快リゾートプレミアム 嬉野温泉 嬉野館,1
ネイル&フラワーサロン~Ri・hiro~,8
呼子大橋,233
大魚神社の海中鳥居,21
虹の松原の黒松林,34
ひぜん祐徳温泉 宝乃湯,37
蟹御殿,139
熊の川温泉 ちどりの湯,267
名護屋城跡観光案内所,18
ジーラ(海中展望船),188
田島柑橘園&加工所,12
有田柳窯,85
陽光美術館・慧洲園,40
唐津 網元の宿 汐湯凪の音,87
古湯温泉おんくり,161
イービークルパーク,11
ブーゲンハウス嬉野,27
筑後川昇開橋(佐賀県佐賀市),161
ホテルニューオータニ佐賀,131
山田ひまわり園,13
深川製磁 チャイナ・オン・ザ・パーク,69
肥前浜宿「酒蔵通り」,82
うちろじ,1
アトリエ夢,13
キッズユーエスランド 佐賀大和店,3
唐津ビーチクラブ,0
瑠璃&LapisLazuli,0
総本山 本福寺,47
佐賀バルーンミュージアム,23
鏡山(佐賀県唐津市),117
九年庵秋の一般公開,35
さがトーラス,5
鏡山窯,7
環境芸術の森,3
唐津駅総合観光案内所,23
神野公園こども遊園地,165
七ツ釜(佐賀県唐津市),312
慧洲園,36
伊萬里神社,42
有田焼のデパート(株丸兄商社内)敏右エ門窯,63
ホテル龍登園,25
佐野常民と三重津海軍所跡の歴史館,21
長崎街道小田宿,9
唐津神社,72
普明山 高野寺,20
六工房,10
嬉野温泉観光協会,1
太良町遊漁船クラブ,1
清水の滝,127
立岩展望台,24
西福寺(佐賀県大町町),29
五百羅漢(佐賀県武雄市),26
御船山,18
玄海エネルギーパーク,53
おうち温泉天徳の湯,15
佐賀競馬場,19
村岡総本舗本店,17
多久聖廟,24
金立ハイウェイ・オアシス,21
武雄神社の肥前鳥居,14
川古の大楠,19
嬉野の大チャノキ(大茶樹),11
俵坂関所跡,8
御船山楽園のツツジ,48
御船山楽園の藤,48
御船山楽園の桜,15
牡蠣焼き 竹崎海産,52
弁天遊歩橋,9
川登サービスエリア(下り線),6
カンカン石,5
うれしの茶交流館「チャオシル」,4
大平山公園(佐賀県伊万里市),5
平谷の紅葉,5
綾部八幡神社,11
松梅のつるし柿,1
玄海海中公園,12
太良町観光協会,8
大町温泉 ひじり乃湯,7
海鮮焼 海道丸,0
金立公園,94
大川内鍋島窯跡,97
有田ポーセリンパーク・ツヴィンガー宮殿アートギャラリー,12
竹崎山 観世音寺,9
肥後の国 伊勢神社,2
