角島大橋,2207
錦帯橋,1675
ナチュラルファーム,26
元乃隅神社,693
住吉神社,294
宇佐八幡宮,171
道の駅 萩しーまーと,910
ANN,62
大覚寺(山口県阿武町),198
護国寺(山口県防府市),139
厳島神社(山口県下関市),239
瑠璃光寺(山口県山口市),590
さんいんファーム,38
住吉神社second,148
関門トンネル人道,637
長門峡,84
鬼ヶ城,185
防府天満宮,502
おいしませファーム,7
下関市立しものせき水族館・海響館,1270
福田フルーツパーク,58
角島,968
向島,46
重要文化財 旧下関英国領事館,105
道の駅 北浦街道 豊北,132
萩城城下町,565
一の俣温泉グランドホテル,54
赤間神宮,390
香川家長屋門,54
季節体験農場 花の海,92
香月泰男美術館(2020.12.21~2021.4まで休館),54
秋吉台,775
岩国城,474
国宝瑠璃光寺五重塔,277
狐の足あと,95
関門海峡,683
別府弁天池,370
道の駅 萩往還,300
洞春寺,56
るり・あーと,20
錦帯橋の鵜飼,39
山口県立萩美術館・浦上記念館,70
青海島自然研究路,42
金子みすゞ記念館,254
笠山(山口県萩市),96
松下村塾,441
周防国分寺,57
旧伊藤博文邸,39
萩城跡指月公園,263
龍宮の潮吹,227
関門橋,548
鹿丸農園,0
日本ハワイ移民資料館,48
花江茶亭,23
湯田温泉,638
伊藤博文旧宅、別邸,49
能満寺(山口県長門市),34
白崎八幡宮,58
錦川清流線,43
白滝山,31
恵美須ケ鼻造船所跡,47
長寿寺,39
秋芳洞,1415
秋吉台自然動物公園サファリランド,649
観光農園ファームランド,10
金峰山(山口県周南市),32
岩国城ロープウエー,259
いちごらんど,18
ときわ公園,277
イチゴ屋けんちゃん,19
岩国美術館,42
正福寺,39
カモンワーフ,744
千畳敷(山口県長門市),491
はあと農園,32
岩国白蛇神社,57
西方寺(山口県上関町),31
火の山公園,197
法輪寺(山口県下関市),66
毘沙ノ鼻,56
龍福寺本堂,40
萩本陣温泉(萩本陣 湯の丸),136
道の駅 センザキッチン,31
明神池(山口県萩市),315
今津(天神)白蛇資料館,243
道の駅 蛍街道西ノ市,124
キッズランドUS 山口店,1
蜂ヶ峯総合公園,125
上関海峡温泉 鳩子の湯,9
松尾寺,53
岩国シロヘビの館,52
萩八景遊覧船,23
萩焼窯元 泉流山,14
一の俣温泉,200
大照院,37
旧目加田家住宅,56
みもすそ川公園,149
青海島,224
SL「やまぐち号」(新山口~津和野),196
壇之浦パーキングエリア(下り線),35
露山堂,18
壇ノ浦古戦場跡,58
巖流島,340
やまぐちフラワーランド,224
道の駅 ソレーネ周南,90
ときわ動物園,24
山口萩焼ヤマトズギャラリー,28
旧周布家長屋門,26
萩反射炉,85
周南市徳山動物園,304
吉見温泉センター,4
秋吉台カルスト展望台,277
白滝山(山口県岩国市),30
毛利博物館【旧毛利家本邸】,44
秋吉DAI自然スポーツ,3
萩焼窯元 天龍窯,44
足湯【湯田温泉】,398
角島灯台,388
周防国一宮玉祖神社,19
大島大橋,199
地底王国美川ムーバレー,285
一の俣温泉観光ホテル,17
功山寺山門,19
円政寺,25
ときわ公園_ボタン,6
功山寺,43
東後畑棚田,82
ときわミュージアムサボテン室の花サボテン,7
功山寺仏殿,17
青木周弼旧宅,18
楠こもれびの郷 くすくすの湯,41
伊藤公記念公園,16
福徳稲荷神社,50
一の坂川_さくら,75
ときわ公園_フジ,4
毛利氏庭園,70
川棚グランドホテル お多福,24
湊海水浴場,37
景清洞,42
大平山,121
東光寺(山口県萩市),74
ときわ公園_サクラ,16
美和歴史民俗資料館(山口県岩国市),12
笠戸島,123
吉香公園,82
桂太郎旧宅,23
ときわ公園_ツツジ,31
道の駅 願成就温泉,24
きくがわ温泉 華陽,20
道の駅 おふく,38
朝日山,17
グリーンステイながうら,5
角島大浜海水浴場,46
和楽の湯下関せいりゅう,27
火の山公園_さくら,18
道の駅 ピュアラインにしき,35
萩博物館,202
関門トンネル,124
菊ヶ浜,128
功山寺_さくら,7
山陽小野田市宿泊研修施設きらら交流館,12
回天記念館,132
道の駅 阿武町,57
湯本観光ホテル西京,12
亀山八幡宮(山口県下関市),49
川棚のクスの森,15
忌宮神社,21
火の山ロープウェイ,14
山口観光案内所,14
きものレンタルorihime,2
大道理芝桜,13
きららビーチ焼野,31
花の海 季節の野菜収穫体験・芋掘り体験とフルーツ狩り[食べ放題],4
ときわミュージアム(緑と花と彫刻の博物館),23
とことこトレイン,112
本陣伊藤邸跡,12
防府市まちの駅 うめてらす,145
陸奥記念館,37
大星山展望台,21
道の駅 萩・さんさん三見,13
海峡ゆめタワー,421
道の駅 あいお,23
道の駅「おふく」 於福温泉,16
コバルトブルービーチ,13
火の山公園_つつじ,5
瀬越海水浴場,3
ニッポンレンタカー 岩国空港カウンター店,3
SLやまぐち号,16
出雲神社,4
須佐ホルンフェルス,192
東行庵,42
トクリン こんどうちゃんきのこ農園,4
秋吉台アクティビティツアー,18
竜王山,52
竜王山公園,30
パークウェイ~火の山展望台,33
下関市立東行記念館,11
竜王山公園_さくら,6
吉田温泉,10
焼野海岸,5
香山公園,29
山口サビエル記念聖堂,180
乃木神社(山口県下関市),64
吉香公園・錦帯橋_さくら,73
老の山公園,4
雲林寺(ネコ寺),3
秋吉台国定公園,57
長門湯本温泉,140
下関グランドホテル,24
ときわ公園・常盤湖周遊園路,16
旧萩藩御船倉,15
ガラス工房 虹色ねこ舎,58
Kimono Style Cafe,28
榎谷農園,6
清流通り,4
冠山総合公園 梅の里_うめ,25
春の遊覧船「さくら舟」,10
豊田湖畔公園キャンプ場,9
桑山公園_さくら,5
飯の山展望台,6
大島本陣茶屋,4
冠山総合公園,29
千畳敷高原キャンプ場,10
虹ケ浜海水浴場,60
萩ふくや,26
サンシャインサザンセト,4
油谷湾温泉,41
柳井白壁の町並み,70
R191 海岸ドライブ,41
宇部観音千佛寺,5
笠戸島国民宿舎大城温泉,5
エコスポーツスクール ホワイトウイング,46
山口宇部空港,56
防府市観光案内所,9
青海島クルーズ,252
88マーチ,5
萩・明倫学舎,4
俵山温泉,149
東大寺別院阿弥陀寺,13
見島,18
乃木旧邸,7
大畠観光センター_鯛寿司,2
つわぶきの館,2
藤河内茶園,3
七盛塚,7
下松サービスエリア(下り線),18
深田ため池,2
足湯【音信川河川公園】,7
道の駅 上関海峡,9
中原中也記念館,62
ニッポンレンタカー 山口湯田温泉店,4
北向地蔵,3
リフレッシュパーク豊浦,26
石炭記念館(山口県宇部市),23
毛利家墓所(長府毛利累代墓),6
道の駅 ゆとりパークたまがわ,16
LAWAKU,9
安徳天皇阿弥陀寺御陵,10
木戸孝允旧宅,60
吉田松陰幽囚ノ旧宅,32
萩駅舎,30
大正洞,11
大平山_つつじ,5
彦島西山の化石層,4
老の山公園_さくら,4
深谷峡温泉 清流の郷,6
竜崎温泉ちどり,28
関門海峡連絡船,121
城下町長府,65
火の山,28
指月山,22
道の駅 仁保の郷,42
道の駅 みとう,22
○○のはなし,12
鋳銭司郷土館,4
ホテル西長門リゾート,21
道の駅 うり坊の郷katamata,11
志都岐山神社,7
松陰記念館,7
seaside villa HILIFE,1
惣郷川橋梁,3
金麗社,3
道の駅 潮彩市場防府,3
新築地町防災広場(メバル公園),2
らかん高原オートキャンプ場,2
惣郷鉄橋,1
長登のしだれ桜,1
俵山しゃくなげ園,1
南河内駅周辺の菜の花畑,1
萩城跡指月公園_さくら,1
山口外郎の系譜を継ぐ豆子郎,1
茶臼山古墳出土品,5
永源山公園_さくら,6
今八幡宮,3
バーデンハウス三丘,7
大寧寺_さくら,1
王子山公園_さくら,5
向道湖,7
ハードランドひらおスポーツレクリエーション公園,5
菅野湖_つつじ,5
石船温泉_さくら,4
養気園_さくら,2
稲荷山_さくら,2
多賀社のヤマザクラ,4
大畠観光協会(大畠商工会),4
大畠ふれあい公園,3
由宇川サイクリングロード_さくら,3
維新十三人墓,3
耕作稲荷,3
八田山公園_さくら,2
南河内駅周辺_菜の花,2
天尾_ニリンソウ,2
周防カントリークラブ,2
周南市徳山動物園_さくら,8
吉田松陰詩碑(山口県上関町),7
ふるさと詩情公園,6
銭壺山_さくら,4
茶臼山(山口県光市),7
周南緑地公園_つつじ,5
西河原緑地_さくら,4
伊藤公記念公園_さくら,2
和木美術館(アートウィング),5
文珠山展望台,4
蜂ヶ峯総合公園_さくら,3
当村餓死人三百人之墓,3
国木田独歩の文学碑,3
御屋敷山_さくら,2
ひらおハートピアセンター,2
ハートランドひらおスポーツレクリエーション公園_さくら,2
皇座山展望施設,2
室津(皇座山)_さくら,2
祝島_さくら,2
弥栄湖スポーツ公園,2
岩隈八幡宮(木造扁額「八幡宮」独立性易筆),2
岩国カントリー倶楽部,2
椋野緑地公園_さくら,2
山王社の千年の夫婦杉と境内の桜,1
川上湖_さくら,1
菅野湖_さくら,1
熊川河畔_さくら,1
般若寺_さくら,1
神護寺_さくら,1
神花山古墳公園_さくら,1
上盛山展望台_すいせん,1
養専寺,1
樽見~日前航路【浮島航路】,1
橘民俗資料館,1
屋代ダム公園_すいせん,1
白木山_さくら,1
飯の山公園_さくら,1
帯石観音_さくら,1
丸山公園_さくら,1
せせらぎパーク・豊鹿里パーク_さくら,1
湯野公園_さくら,1
天神山公園_さくら,1
東繕寺川河川公園_さくら,1
辰尾公園_さくら,1
嶽山(山口県周南市),1
大峯山・千坊山_さくら,1
シャクナゲ苑_しゃくなげ,1
大和観光ボランティアガイドの会,1
山ノ内亀山公園_つつじ,1
城山公園_さくら,1
宇部72カントリークラブ 阿知須コース,3
大平山_さくら,4
向島(向島運動公園)_さくら,2
柳井田泉福寺オゴオリザクラ_さくら,2
秋吉台エコミュージアム・大正洞_さくら,3
中国自然歩道 東鳳翩山~山口コース,2
佐波川土手_さくら,2
パルトピアやまぐち【防長青年館】,2
岡山霊廟塔周辺_さくら,2
草山公園_さくら,2
八十八ケ所街道沿_菜の花,2
長登のシダレザクラ,4
道の駅 ハピネスふくえ サンサン広場 さくら,3
南明寺_さくら,3
松陰誕生地_さくら,3
青海島さくらの里_さくら,2
橋本川沿い_さくら,2
ブルーラインカントリー倶楽部,3
大原湖岸_さくら,1
野島_さくら,1
栄山公園_さくら,1
木戸山_さくら,1
長沢池_さくら,1
亀山公園_さくら,1
木戸公園_さくら,1
狐塚古墳(山口県山口市),3
花乃江_レンタサイクル,2
江汐公園_さくら,7
多武の峰公園_さくら,4
真締川公園_さくら,3
豊浦宮忌宮神社宝物殿,3
館ヶ浴_つばき,3
夢ヶ丘公園_さくら,3
妙青寺雪舟庭,7
国清山展望台,4
十二代豊田種長追善供養板碑,4
日和山公園_さくら,3
久原公園_さくら,2
NPO法人あとう観光協会,2
尊正寺_さくら,2
西分小平ヶ原_さくら,2
楠桜園_さくら,2
辻山のシダレザクラ_さくら,2
羽賀台「天保閲兵之地」_さくら,2
見島観光協会,2
豊浦町観光協会,2
縄地ケ鼻公園_すいせん,3
松山窯跡出土品,3
ときわミュージアム熱帯植物園ヒスイカズラ,1
ときわ公園_キンセンカ・パンジー・ビオラ,1
岩鼻公園_さくら,1
小野湖_さくら,1
下関観光タクシー,1
大専寺_さくら,1
国清山自然公園_さくら,1
龍泉寺_さくら,1
物見山総合公園_さくら,2
若山公園_つつじ,1
松嶽山_さくら,1
工房聖庵,14
湯田温泉観光案内所,35
鳴き砂ビーチうしろはま,4
寺畑農園,27
やまぐち鋳物記念館,1
佐波神社,2
徳佐八幡宮しだれ桜_さくら,28
石船温泉,111
菅無田公園_つつじ,26
道の駅 きららあじす,53
切戸川河川公園_さくら,9
黄波戸温泉,24
片添ヶ浜海浜公園オートキャンプ場,52
永源山公園_チューリップ,9
旧秋田商会ビル,30
足湯【おとずれ足湯】,7
戦場ヶ原公園_さくら,5
香山公園・瑠璃光寺_さくら,4
柳井ウェルネスパーク,65
なぎさ水族館,39
下関~門司航路(唐戸~門司港),32
潮風公園みなとオアシスゆう,28
二見夫婦岩,20
レトロバス いちすけ号,14
片添ヶ浜海浜公園,14
湯本温泉ホテル 枕水,13
はなぐり海水浴場,11
大谷山荘,55
角島灯台公園,47
片添ヶ浜海水浴場,20
笠山風穴,20
白猿の湯,14
山口県立山口博物館,13
まちのポート(周南市観光案内所&特産品セレクトショップ),12
妙見山展望公園,10
柳と井戸_湘江庵,9
下関つくの温泉,9
花の海_コスモス,7
下関港国際ターミナル観光案内所,5
須佐湾エコロジーキャンプ場,4
江汐公園_もみじ,4
金松桜,3
厚狭川河畔_さくら,3
たぶせ川桜並木,2
大浜海水浴場(山口県長門市),33
くだまつ健康パーク,33
夕日の滝,22
下関駅観光案内所,16
紅葉谷公園(山口県岩国市),15
須金フルーツランド_なし・ぶどう,15
萩循環まぁーるバス,25
下松スポーツ公園_しだれ桜・ポピー・コスモス,14
防府天満宮_うめ,12
菊ヶ浜海水浴場,12
花の海_ひまわり,11
大寧寺_もみじ,11
リゾートホテル美萩,10
東萩駅観光案内所,10
光スポーツ公園あじさい苑_あじさい,9
春風楼,9
大原湖,8
龍蔵寺_もみじ・イチョウ,8
角島サイクルポート,8
土井ヶ浜海水浴場,8
俥宿 天十平,7
秋吉台家族旅行村キャンプ場,6
冠山総合公園オートキャンプ場,6
きららガラス未来館_ガラス体験,6
防府天満宮大専坊跡,6
ひこっとらんどマリンビーチ(西山海水浴場),6
三浦りんご園_りんご,5
ビー玉海岸海水浴場,5
清ヶ浜海水浴場,4
フジミツ株式会社,4
青海島キャンプ村,4
東光寺_もみじ,4
ひまわりロード_ひまわり,4
満珠・干珠,4
秋吉台家族旅行村「桜の園」_さくら,3
五条の千本桜_さくら,3
ひふみ農園_なし・ぶどう,3
やまぐちフラワーランド_コスモス・皇帝ダリア・チューリップ・ポピー,3
冒険の森,3
毛利氏庭園_つつじ,3
萩~大島航路,3
スマイル貸自転車営業所,3
船方農場_乳搾り・シャーベット作り体験,2
カヌーフィールドゆりたに,2
国指定名勝 毛利氏庭園の紅葉,2
一般財団法人山口観光コンベンション協会,2
深坂自然の森キャンプ場,2
長府庭園_もみじ,2
青海島観光船案内所,1
戦場ヶ原公園,1
トヨタレンタリース山口 新山口駅前店,1
江汐公園_つつじ,4
(有)みつやトロアメゾン「厚狭にっこりブッセ」,8
教善寺 さざんか,3
島田川河川公園_さくら,5
花岡八幡宮_さくら,5
長州苑,6
おんせんの森,32
忠小兵衛蒲鉾本店,8
バイクハウスオータニ,0
美祢ブルーベリーガーデン,5
革創作工房TSU-CHEY,0
プリザーブドフラワー&アーティフィシャルフラワー アトリエ香家,1
長門峡second,117
旧萩藩校明倫館,51
瀬戸公園_さくら,7
陸奥公園展望台,5
新山口駅観光案内所,8
畳ケ淵,7
萩往還梅林園,6
星野哲郎記念館,9
田万川の柱状節理と水中自破砕溶岩,5
象鼻ケ岬,4
松嶽山,3
由宇歴史民俗資料館,2
萩本陣,1
角島灯台_角島灯台公園,1
スーパーはぎ号,3
防府市向島の寒桜,10
三田尻御茶屋(英雲荘),4
府谷、西村地区,3
旧山中家住宅(山口県萩市),2
旧中川家住宅【阿知須「いぐらの館」】,2
陶ケ岳,2
福原邸跡,2
小串海水浴場,2
竜王山公園_つつじ,3
右田ケ岳,4
吉香公園_ぼたん,3
東光寺庭園,3
下関旅館ホテル協同組合,3
江汐湖,10
巖流島憩いの広場,13
霜降城跡,3
下松スポーツ公園_さくら,2
奧野寿久商店 吉見駅前本店,2
関見台公園【串崎城跡】,2
土井ヶ浜遺跡・人類学ミュージアム,14
秋吉台自然観察路[若竹山付近],21
BonnieBay Seakayak Center,5
駅レンタカー 厚狭営業所,1
シンフォニア岩国(山口県民文化ホールいわくに),4
蜂ヶ峯総合公園_ばら,3
一の坂川,28
仁保一貫野地区_ふじ,21
甘露醤油資料館(佐川醤油店),20
萩藩主毛利家墓所【東光寺墓所】,23
くだまつスポーツセンター,11
鍵曲,18
秋吉台アドベンチャーツアーズ,13
里の厨,9
萩城下町夏みかんのかおり,9
千坊川砂防公園,7
萩市平安古地区伝統的建造物群保存地区,5
十種ヶ峰,4
物見山総合公園,4
岩国市楠町一丁目のクスノキ巨樹群及びムクノキ巨樹,4
北浦海岸[奈古~宇田郷],3
金剛寺_金銅一光三尊立像_宝篋印塔,3
佐波川,3
いいだガラス工房,8
錦帯橋温泉 岩国国際観光ホテル,20
木造釈迦如来座像,1
大野毛利家墓所(秀巌寺),5
新平ヶ原公園キャンプ場,2
旧湯川家屋敷,11
吉田松陰の墓及び墓所,9
上盛山展望台_さくら,1
木戸神社、木戸孝允旧邸跡,5
陸奥公園,4
国見台森林公園,3
阿川八幡宮のイヌマキ巨樹群,3
滝部八幡宮のイチイガシ,3
中ノ浜遺跡,3
一ノ瀬城跡,3
荒滝の滝,2
六連島の雲母玄武岩,2
佐々木小次郎の銅像,36
大寧寺,34
高杉晋作墓,14
大村神社(山口県山口市),4
回天訓練基地跡,13
海鮮村北長門本店,12
上盛山展望台,8
防府天満宮暁天楼,5
大村益次郎墓,4
体験学習館モンスタ,3
室積観光地引網,2
貞宮遥拝所,2
笑山寺,2
安徳天皇西市御陵墓〈参考地〉,1
川尻岬,6
二尊院五輪塔(楊貴妃の墓),3
日置ウインドパーク,1
屋代ダム公園_さくら,7
天神山公園,1
青海湖,7
陸奥野営場,4
吉香公園_うめ,2
洞泉寺臥竜の梅_うめ,2
蜂ヶ峯総合公園_うめ,1
赤崎神社_うめ,2
重源の郷_うめ,1
NTAトラベル(地旅ツアー),0
萩焼窯元 緑栄窯(りょくえいがま),16
弥栄湖,6
内田農園_いちご,1
中国自然歩道 川棚温泉~華山コース,1
常関寺,1
附野薬師公園_つばき,1
山口県旧県庁舎及び旧県会議事堂,19
日清講和記念館,23
(有)村田蒲鉾店,7
高杉晋作誕生地,56
常栄寺雪舟庭,41
室積海水浴場,21
音信川,12
旧厚狭毛利家萩屋敷長屋,12
明倫館遺構南門,8
室積 海商通り,5
JR西日本下関駅,13
柳井~松山航路(柳井港~三津浜),13
高杉晋作立志像,12
村田清風記念館,7
明倫館文学寮跡,7
宮野温泉,6
唐樋札場跡(萩往還),5
牛島(山口県光市),4
吉田稔麿誕生地,4
明倫館遺構聖賢堂,4
山口市歴史民俗資料館,4
錦帯橋のう飼,3
山口宇部空港ビル国内線案内所,3
益田親施幽閉賜剣之地,2
萩城下町,2
第二奇兵隊本陣跡地,1
Mine秋吉台ジオパークセンター「Karstar」,1
石城山・石城神社,1
笠山椿群生林_つばき,13
景清洞トロン温泉,7
乳母の茶屋,1
シーホース,5
米泉湖(末武川ダム),10
和木ゴルフ倶楽部,9
電車型バス「いちすけ号」,7
赤子山,5
蜂ヶ峯総合公園_冒険の森,5
中国電力柳井発電所_エネルギアランド,5
竜崎遊歩道,4
明神原なごみ広場,3
四岩合わせ奇岩(しあわせ祈願),3
四ッ子島,3
美和木工交流館,3
錦川本支流_つつじ,2
石城高原,4
吉田松陰防長路惜別の地,4
伊藤公記念公園_つつじ,2
白鳥古墳 付陪_及び周濠,5
妙円寺【月性展示館・清狂草堂】,5
羅漢山(山口県岩国市),4
徳山七士碑,4
周防の森ロッジ,4
山口県スポーツ交流村,4
克己堂の門,3
岩屋古墳(山口県光市),3
室積台場跡,3
宇佐五橋,3
寂地山の満州菩提樹,3
岩国西商工会由宇支所(由宇町観光協会),3
与謝野鉄幹の歌碑,3
サンスポーツランド片添,2
嘉納山,2
世良修蔵の碑,2
徳山~大分航路(徳山~大分竹田津),2
寺嶋忠三郎誕生の地,2
福原元_幽閉之地,2
五卿登陸処,2
勝栄寺土塁及び旧境内,2
明神の薮,2
フラワーランド倶楽部園内ガイドボランティア,2
伊保庄賀茂神社_社叢_石鳥居,2
岡の上公園,2
澄田稲荷社,2
府谷_しばざくら,2
蓮華山,2
新平ケ原公園,2
丸山海浜パーク,2
平生町スポーツセンター,2
馬島・佐合島航路,2
富永有隣の旧宅跡,2
天王原古墳,2
馬島,2
八島~上関航路(八島~室津~上関),2
室津(竹ノ浦)展望施設,2
上関町観光協会,2
羅漢山_つつじ,2
平家ヶ岳,2
小五郎山,2
地福山古墳,2
帯石観音「影迎の楓」,2
明月上人碑,2
長尾八幡宮,2
羅漢山青少年旅行村,1
くだまつパブリックゴルフ,1
御屋敷山浄水場_つつじ,1
徳山カントリークラブ,1
徳山国際カントリー倶楽部,1
専福寺(山口県田布施町),1
稲荷山古墳(山口県田布施町),1
納蔵原古墳,1
石城神社本殿,1
恩田民俗資料館,1
情島~伊保田航路,1
久賀~前島航路,1
小松港~笠佐航路,1
水無瀬島のアコウ自生地帯,1
帯石観音_つつじ,1
周防大島町東和遊魚,1
周防大島青少年旅行村,1
庄地古墳,1
嵩山(山口県周防大島町),1
奥湯野観光ぶどう園_なし・ぶどう,1
四熊ヶ嶽,1
国司親相幽閉賜剣之地(澄泉寺跡),1
須万風呂ヶ原のエノキ,1
烏帽子岳ウッドパーク_つつじ,1
石城山県立自然公園「黒岩峡」_つつじ,1
柳井~平郡航路(柳井港~平郡西浦~平郡東浦),1
円寿寺_平郡の魚類供養塔,1
浄光寺_木造薬師如来坐像,1
三ヶ嶽,1
牛島~室積航路(牛島~室積),1
アネックススポーツランド,1
室積観光案内所,1
臼田古墳,1
河内神社御神杉一本,1
岩国ユースホステル_岩国寿司づくり体験,1
周東町観光協会,1
花尾山,3
小郡のなぎ自生北限地帯,3
南原寺の照葉樹林,2
秋穂コミュニティセンター【にこにこ館】,3
湯の口温泉,3
麻布着色地蔵十王図,3
正現寺のイヌマキ,2
森の駅_里山体験,2
原八幡宮のムクの木,2
聖蹟碑,2
天徳寺のイチョウ,2
金銅菩薩形立像(桑山),2
木造十一面観世音菩薩立像(阿弥陀寺),2
大村益次郎の墓、大村神社、鋳銭司郷土館,2
一の坂川_つつじ,2
亀山公園_つつじ,5
大和屋政助の舟倉,3
レークスワンカントリー倶楽部美祢コース,2
大内氷上古墳,6
龍福寺資料館,6
長者ケ原,5
美祢市総合観光部景清洞案内所,4
敷山城跡,4
向山三号古墳,4
赤禰武人処刑場の碑,4
乗福寺,4
ユニマット山口ゴルフ倶楽部,1
川上のユズおよびナンテン自生地,4
興昌寺(山口県阿武町),3
萩城跡指月公園_ぼたん,3
二位の浜【二位ノ局の碑】,4
グリーンヒルATO_ばら,3
熊谷氏邸庭園,3
悴坂一里塚,3
三輪清雅堂,3
小川家長屋門,3
遠岳山歩道,2
大照院本堂・庫裏・書院・鐘楼門・経蔵,2
下領八幡宮,1
防府市野島周辺遊魚,1
木造阿弥陀如来坐像(山口県防府市),1
福武貸自転車_レンタサイクル,1
グランジャ ヤマネ_ぶどう,1
県庁濠端_つつじ,1
防長交通(株)湯田案内所,1
らかん高原,4
熊野山公園,3
山田顕義誕生地【顕義園】,3
大照院_ふじ,2
仏光寺(木造文殊菩薩騎獅像),5
森田家住宅,4
須佐湾自然研究路,4
姫島樹林,4
往還ふれあい塾,3
穴観音古墳(山口県萩市),3
船平山_つつじ,3
本光院,3
御山神社経_,3
白須たたら製鉄遺跡,3
鶴ヶ嶺八幡宮のクスノキ,3
日置峠山の須恵器窯跡,3
みすゞの課外授業~心が豊かになる大人の学校~,3
ラポールゆや,3
長門市一位ガ岳のベニドウダン自生地,3
魚のさばき方体験,3
萩周辺観光タクシーコース,3
萩城跡指月公園_つつじ,2
田万川土堤_つつじ,2
糸根の松原,5
仲哀天皇殯葬所,3
上山文英堂本店跡,3
秋根一号古墳,3
山頭火句碑,5
長正司公園_ふじ,4
豊北町観光協会,4
遊ー遊ー広場,3
豊田農業公園みのりの丘,3
三好写真館跡,3
チャレンジパーク,3
中山神社宝物殿,3
吉田宿,3
法林寺のソテツ,3
四王司山,3
菖蒲畑,2
ヒロチャン_レンタサイクル,2
丸嶋商会_レンタサイクル,2
田万川町観光協会,2
グリーンヒルATO_ふじ,2
来嶋又兵衛生誕地,3
明徳寺山遺跡,3
三大夫殉節之碑,3
中国電力(株)新小野田発電所,3
長光寺山古墳,3
宗方温泉,3
酒田美術資料館,2
妙法寺,2
松井製陶所_陶芸体験,2
木戸・刈屋,2
アイランドゴルフガーデン宇部,1
天龍寺,1
万倉護国神社,1
宋隣寺,1
楠若者センター_つつじ,1
歌野清流庵_そば打ち体験・農業体験,1
仁馬山古墳,1
長正司公園,1
勝山御殿跡,1
附野薬師公園_つつじ,1
客神社の社叢,1
一般社団法人下関観光コンベンション協会,1
船木ゴルフ倶楽部,1
玉木文之進旧宅,6
ラフティングNEO,3
COCOLAND,1
川棚温泉,138
井上公園,91
大歳神社(山口県下関市),37
琴崎八幡宮,12
東光寺大雄宝殿・鐘楼・山門・総門,8
宇部護国神社,4
長門国一の宮住吉神社社叢,10
ときわ公園_しょうぶ,9
須佐湾,7
遠石八幡宮,17
亀山公園(山口県山口市),12
般若寺(山口県平生町),10
観音水車でかまるくん,9
萩藩主毛利家墓所[香山墓所],9
龍雲寺,8
唐戸市場,6
三光寺(山口県周南市),5
玉祖神社の社叢,5
阿弥陀寺仁王門,5
千春楽城山窯_萩焼体験,5
三恵寺,4
二所山田神社・女子道社,4
洞春寺山門,4
枕流亭,4
萩~見島航路,3
松陰神社,3
ときわ公園_カンアヤメ,3
二井寺山極楽寺,2
龍文寺,2
ときわミュージアム(世界を旅する植物館),2
渓月院,1
潮音山 観音院,1
中須の棚田,1
白蛇神社,1
春日神社(山口県萩市),1
俵山しゃくなげ園_しゃくなげ,27
弥栄大橋,3
萩市浜崎伝統的建造物群保存地区,5
むくの木,4
花園児童公園,3
三田尻塩田旧越中屋釜屋煙突,2
三田尻塩田記念産業公園,1
王子山公園,5
大平山山頂公園,15
大浜キャンプ場(山口県長門市),1
橋の駅(岩国市観光物産交流センター),9
小日本ふるさと市,4
黄金洞観音洞,5
永源山公園_つつじ,4
野島,38
STEEZ,0
山頭火の小径,3
長沢の池,7
三田尻御舟倉跡,2
常栄寺(山口県山口市),5
茶室「芳松庵」,7
仁壁神社,3
船方農場,10
周南緑地公園_さくら,3
下松公園_さくら,2
古熊神社_さくら,2
ときわ公園_ウメ,4
彈正糸桜_さくら,3
余田臥龍梅,4
古熊神社_うめ,3
佐波川河川敷,4
日乃出温泉,5
大津島航路(徳山~大津島),8
防府天満宮歴史館,7
大村益次郎生誕宅跡,6
藍場川,16
能満寺のシイノキ巨樹群,1
遊漁船 JIGGING JUNKIE,0
三坂神社,1
栄山公園,3
山口きらら博記念公園,212
大内氏館跡(大内氏遺跡),9
長門湯本温泉の立ち寄り湯「恩湯(おんとう)」,24
白鳥稲荷神社,6
冠天満宮,2
冠念寺,2
蓮池寺,1
日天寺,1
蓮台寺,1
はくとり稲荷神社,1
香月泰男美術館,1
岩国市観光交流所「本家  松がね」,1
みすゞ公園,5
周東勤労者総合スポーツ施設サン・ビレッジ周東,1
ひらお特産品センター,3
岩国城山自然休養林遊歩道,6
巌門(山口県周防大島町),3
高瀬峡(山口県周南市),3
光スポーツ公園,3
旧小野田セメント製造株式会社竪窯,3
周防国衙跡,3
旦の登り窯,2
塚の川古墳,2
周防灘干拓遺跡 高泊開作浜五挺唐樋,2
小野田セメント山手倶楽部,2
岩国市立由宇ミクロ生物館,2
防府市観光情報館「コア銀座」,2
指月山天然林,2
重源の郷_紙すき体験・藍染体験・竹細工,2
十朋亭,2
綾羅木郷遺跡,2
青海島ダイビングセンター,242
菊ケ浜土塁(女台場),6
はぎ温泉,5
鴻ノ峰,4
北浦海岸(奈古~宇田郷),3
弥栄キャンプ村,3
木谷峡,3
秋吉台オートキャンプ場,8
海峡レンタサイクル,3
伊上海浜公園オートキャンプ場,8
弥栄湖情報センター「レイクプラザやさか」,4
湯本ハイランドホテルふじ,3
七重川,3
JA山口美祢秋芳加工所,3
大覚寺のビャクシン巨樹,3
大正洞園地_ふじ,3
烏帽子岳ウッドパークキャンプ場,3
祝島の練塀,3
逗子ケ浜海水浴場,3
桜山総合公園,3
女滝(山口県阿武町),4
屋代ダム公園,3
山口市徳地高齢者若者活性化センター「南大門」,3
西鳳翩山,3
下関~釜山航路(下関~釜山),3
滝部温泉,24
大内義隆主従の墓所,4
護国神社,21
江龍寺(山口県岩国市),2
笠山自然遊歩道,3
扇子落滝,2
品川弥二郎旧宅跡,3
ルネッサながと,9
長瀬峡,4
寂地山_かたくりの花,16
厚狭毛利家墓所,3
ピースフル青竜泉,8
キワ・ラ・ビーチキャンプ場,3
赤間硯の里岩滝,3
笠井順八翁像,3
了円寺,2
中山神社・愛新覚羅社,2
恩徳寺の結びイブキ,3
川棚三恵寺のモッコク,3
大吼谷蝙蝠洞,3
山陽小野田市埴生潮干狩り,3
大星山,2
妙青寺,4
歌野川ダム(千本桜)_さくら,32
天神山公園(防府天満宮)_さくら,5
長野山,3
法専寺(山口県下関市),5
俵島,8
長門市観光案内所「YUKUTE」,7
持世寺温泉上の湯,6
瑞松庵,4
廣福寺,4
和泉式部の墓,2
円龍寺(山口県山口市),7
オルゴールの館「グリム」,8
龍雲寺(山口県岩国市),5
天然温泉みちしお,149
橋の駅 錦帯橋(錦帯橋バスセンター),19
赤間神宮宝物殿,7
早長八幡宮,8
リフレッシュパーク豊浦_バラ_コスモス,7
見島ジーコンボ古墳群,5
岩国市総合観光案内所,3
真福寺,1
長徳寺,1
高森天満宮,1
佐波川サービスエリア(上り線),7
川尻岬キャンプ場,1
若山公園のさくら(山陽小野田市),1
観音の滝(山口県山口市),1
秋吉台国際芸術村,2
高瀬湖,5
狗留孫山,1
道の駅 ハピネスふくえ,5
阿武川温泉,1
種田山頭火生家跡,2
野田神社,3
大村益次郎医学記念碑,2
脱隊諸士招魂の碑,2
さざなみフィッシングワーフ,2
長府観光協会,2
栄山自然観察の森,1
冠山総合公園_さくら,4
宗隣寺庭園,2
田中穂積の碑,4
楫取素彦旧宅地,2
岩国藩主吉川家墓所,3
町の湯,9
由宇温泉,7
第二一之紀丸,1
山陽国際ゴルフクラブ,5
太華山,5
雙津峡,3
江汐温泉,4
山口県政資料館,3
はい!からっと横丁,60
柚木慈生温泉,8
たぶせいちごファーム,6
快活CLUB宇部中央店,1
下関市立考古博物館,6
岩田遺跡,7
明治百年記念公園,7
あゆみ農園_ぶどう,5
五十谷三島,5
吉川経家公忌魂碑,5
周防源氏武田氏屋敷跡,5
弘鴻石碑,5
尾国賀茂神社樹林,4
佐合島,4
馬島海水浴場,4
シーパラダイス室津遊魚,4
高橋利兵衛の墓,4
五卿の宿肥後屋跡,4
民俗資料館(山口県和木町),4
小積地曳き網,4
長野山緑地公園_もみじ,4
高瀬サン・スポーツランドキャンプ場,4
虹ケ浜キャンプ場,4
光峨嵋山護国神社,4
岸田劉生記念碑,4
伊陸南山神社_八関神楽,3
柳井地域広域水道企業団日積浄水場,3
海蔵院_大ソテツ,3
峨嵋山自然研究路,3
立石孫一郎の碑,3
平判官康頼の碑,3
普賢寺庭園【雪舟庭】,3
牛島のモクゲンジ群生地,3
伊藤公記念公園_もみじ・いちょう,3
独立禅師の記念碑,3
おはんの碑,3
松巖院庭園,3
通化寺,3
筏山古墳,3
通津のイヌマキ巨樹,3
柱島・端島・黒島,3
一般社団法人岩国市観光協会,3
花岡勘場跡,3
温見ダム,3
下松市観光ボランティアガイドの会,3
松尾寺(木造二天王立像),2
文珠堂,2
四境の役大島口戦跡碑,2
源明山,2
周防大島町久賀遊魚,2
四境の役碑,2
楢崎剛十郎生誕の地,2
大洲鉄然生誕の地,2
大崎鼻海岸,2
周南市内~山口宇部空港行タクシー,2
大潮田舎の店,2
大田原自然の家,2
飯田忠彦の碑(尊王学者),2
徳山毛利陣屋跡,2
寺島忠三郎関連史跡,2
国司親相幽閉賜剣之地,2
やげん谷一里塚,2
吉野桜,2
長野山緑地公園_あじさい,2
魚切の滝,2
湯野温泉旅館協同組合,2
日積キャンプ場,2
無動寺_木造不動明王坐像_銅製錫杖,2
代田八幡宮_石鳥居,2
氷室亀山神社_大モミ,2
水金古墳,2
新庄のラクウショウ並びに気根群,2
森様社叢,2
マリーナ岩国((有)ホンダ機械),2
独立一勺の水,2
明神原なごみ広場_菜の花,2
下松市笠戸島深浦と末武川河口潮干狩り,2
莇ケ岳,2
持世寺温泉,5
ホワイトビーチ島戸,5
下関くじら館,6
木屋川一帯,5
中ノ川山一里塚,4
アクアヒルやない,10
赤滝(山口県周南市),9
石光果樹園_なし・ぶどう,8
海上遊歩道(海上プロムナード),7
福田果樹園,6
般若寺_もみじ,6
皇座山遊歩道,6
御汗観音,6
若林園_みかん,6
上盛山,5
百合谷水辺公園,5
今田巨峰園_ぶどう,5
祝島のケグワ,4
皇座山,4
蜂ヶ峯総合公園キャンプ場,4
室積公園,4
松田園_みかん,3
柳井カントリー倶楽部,3
羅漢山県立自然公園,3
鮎原剣神社,3
北方古墳,3
周東野外活動センターキャンプ場,2
屋代ダム公園_つつじ,2
木の井山古墳,2
石走山古墳,2
瀬田農園_なし・ぶどう・りんご,2
白井小介顕彰碑,2
大野毛利家墓所(海前寺跡),2
堀川南蛮樋,2
富永有隣の碑,2
木造地蔵菩薩坐像(蓮華寺),2
飢民の供養塔(大恩寺),2
国森古墳,2
後井古墳,2
高松八幡宮樹林,2
石城山,2
田布施町観光協会,2
柳井~祝島航路(柳井港~祝島),2
吉田松陰與小方市右衛門木刀銘の碑,2
小方謙九郎の墓、小方市右衛門の墓、小方弘徳君碑,2
旧上関番所,2
祝島のコッコー,2
鼻操島,2
ウッドビレッジみかわ,2
出合親水公園,2
山口県内海東部栽培漁業協会,2
馬糞ヶ岳,2
周東パストラルホール,2
大将軍山,2
彦根戦死士之墓,2
竜崎陶芸の館_陶芸体験,2
周防大島町青少年旅行村,2
久賀地曳き網,2
山岡園_みかん,2
川元園_みかん,2
横見海水浴場,2
周防大島八十八カ所,2
浄西寺石塔婆,2
四境の役砲撃戦跡,2
周防大島文化交流センター,2
瀬戸内民俗館,2
浮島,2
立島,2
庄南ビーチ,2
藤井彦右衛門翁頌徳碑,2
立岩のセッコク,2
橋本園_みかん,2
伊保田海岸,2
熊毛郡上関町遊魚,1
アイランドゴルフガーデン美和,1
西長寺【木造阿弥陀如来坐像】,1
八幡生涯学習のむら陶芸の館_陶芸体験,1
下松護国神社・維新十三人墓,1
大和観光みかん農園_みかん,1
(株)徳山マリングリーンヤマトマリーナ,1
阿川ほうせんぐり海浜公園,4
川崎美術館・川崎コレクションギャラリー,1
割烹旅館 寿美礼,0
陶房 葉月,46
瀬戸内パドリング,7
VOXplus,8
はぎ温泉 宵待ちの宿 萩一輪,28
隠れ家サロントータルビューティー~bell~,0
きものあそび#凛華,0
第三神力丸,0
スカラベファーム,15
シルバー工房 OTOYAN,3
重要文化財 菊屋家住宅,32
TARO,7
プラザホテル下関,6
山本葡萄梨園,6
BONDクライミングジム,0
里山なかくら,12
三興園,4
中島観光農園,4
NPO萩まちじゅう博物館,1
五郎丸農園,4
中原農園,4
萩ガラス工房,44
萩焼 大和春信松緑窯,0
萩焼窯元 古民家食事処 「丹妙山」,0
NTAトラベル(アクティビティ),2
山口ダイビングスクール,0
Freecense,0
nanairo(なないろ),0
きときと果樹園,2
松宮ぶどう園,2
La fleur,0
SUP室積,0
オカダレンタカー,0
DIVING SHOP BALLENA,0
二尊院 宿坊えんとき,0
Apple&Blueberry Garden ともきよ,1
Poker bar Beamz,0
J-CRUISE,1
芳山園,1
アトリエnoe,0
伴工房,0
光進丸,0
BBQ太郎 山口店,0
川棚温泉 竹園温泉,0
香りSalonふわりあ,0
Mine秋吉台ジオパーク・プロガイドの会,0
はぎまえ698,1
とみおか自然農園,4
中村民芸社,0
aroma_switch,0
HIRO工房,0
本行寺 茶道教室,0
みけねこ,0
ポーセラーツサロン パイドピーチ,0
とのみ観光農園,0
瀬渡し遊漁船 武蔵,0
JEWELRYキッチン「紙でつくるステンドグラス」ローズウィンドウ,0
松尾クッキングクラス matsuocookingclass,1
萩焼窯元 泰礼陶房,0
陶房大桂庵樋口窯,0
あそびにおいで見島,0
DSK Fishing Guide Service,0
ブルーワールド,0
ガラス工房 マル,0
TRIP BASE COCONEEL,1
春帆楼本店,0
sup-oshima,0
深谷峡,2
華山,28
華山(神上寺)_かえで,5
万倉ふれあいセンター,2
土井ケ浜南海水浴場,18
豊田温泉,2
橘ウインドパーク,2
江良碧松の生家,1
中の浦海浜公園,1
常満寺の大イチョウ,1
八島与崎のカシワ・ビャクシン群落,1
大畠ふれあいビーチ,1
霧峰神社,1
榊八幡宮,1
妙見神社(山口県和木町),1
逗子ヶ浜地曳き網,1
フルーツランド大島,1
中野園_みかん,1
大友大権現,1
一般社団法人周防大島観光協会,1
日良居地曵き網,1
周防大島町安下庄遊魚,1
周防大島町大島遊魚,1
広実農園_ぶどう,1
錦川グレープ_ぶどう,1
日の出農園_なし・ぶどう,1
すみ観光農園_なし・ぶどう,1
石ヶ岳,1
杉元相父子の墓所,1
高瀬湖_さくら,1
秘密尾の氷見神社社叢,1
二所山田神社_あじさい,1
烏帽子岳_あじさい,1
長野山緑地公園_ささゆり,1
天神山公園_ささゆり,1
清流通り_しょうぶ,1
周方神社社叢,1
千石岳,1
柳井市平郡島周辺遊魚,1
割石の石造延命六面地蔵菩薩,1
大帯姫八幡宮,1
岩国~柱島航路,1
天神橋トリムコース,1
岩国センチュリーゴルフクラブ,1
健康村オートキャンプ場,1
教蓮寺,1
塔ヶ森,1
西日本マリン,1
山田雪斎篆額,7
朝田墳墓群,6
山口市菜香亭,14
長沢温泉,7
神功皇后神社のイチイガシ,6
一般社団法人防府観光コンベンション協会,6
平川の大スギ,6
長門峡県立自然公園,5
薬王寺の滝,5
佐波川関水,5
嘉村礒多生家 帰郷庵,5
鴻ノ峰公園,5
普門寺塾跡,5
錦の御旗製作所跡,5
正福寺のイブキ,5
船路八幡宮,4
旧官修墳墓,4
小倉の滝,4
山口市小郡文化資料館,4
山口県長者ケ原グリーンスポーツ広場キャンプ場,4
化石教室,4
阿弥陀寺文化財収蔵庫,4
大村能章の部屋(アスピラート),4
車塚古墳(山口県防府市),4
鋳物師大師塚,4
老松神社のクスノキ,4
のむら美術館,4
福田貝館,4
鼓の滝,4
青景川(水の上集会所),3
秋穂霊場八十八ケ所,3
平生町観光協会,3
木造地蔵菩薩坐像・木造不動明王立像・木造毘沙門天立像,3
大日古墳,3
井上勝旧宅跡,3
国民宿舎 小てる,3
尻川海水浴場,3
蕎麦ヶ岳,3
山口レインボーヒルズ泉水原ゴルフクラブ,3
六軒茶屋跡(萩往還),3
木戸神社,3
木戸公園_もみじ,3
酒垂公園造園記念碑,2
(一社)周南カントリー倶楽部,1
癒鶴地(鶴の墓),1
大陽寺庭園,1
秋吉台の山野草,3
秋吉台青少年自然の家,3
花尾八幡宮(ガラス絵 泰西風景図・長崎港図) ,2
南原寺経塚並びに古墓群,2
神功皇后神社の社叢,2
越氏塾沿革碑,6
伊藤井上両公上陸の碑,5
人丸神社凱旋記念碑,5
野村望東尼の墓,5
福田侠平の墓,5
井上馨遭難の碑,5
明倫館兵学寮跡,5
矢原河川公園,5
中郷遺跡,5
妙見社_大イチョウ,5
和久1号古墳,4
厚東川源流,3
山口県十種ケ峰青少年野外活動センター,3
弁天観光ぶどう園_ぶどう,3
桂木山麓緑地自然公園村キャンプ場,3
樫の森野営場,3
共和のカシの森,3
桂岩ふれあいセンター,3
町絵の石風呂,3
秋吉台_リンドウ,3
二反田溜池の湿地植物群落_かきつばた,3
山口市大海総合センター,3
厚保くり生産部会_くり,3
北方八幡宮,2
滑峡,2
セントラルパークゴルフ倶楽部,2
美祢ヘルスパーク,2
松野_ 生家大野家の墓,2
麻生八幡宮宝篋印塔,2
石屋形の羅漢山磨崖仏,2
熊野神社(山口県美祢市),2
南原寺_もみじ,2
秋吉台_センブリ,2
秋吉台_ナンバンキセル,2
道の駅 おふく_菜の花,2
平野の正片麻岩,2
デルタマリン防府マリーナ,2
新山口カンツリー倶楽部,2
野島キャンプ場,2
金銅毘廬舎那仏坐像,2
阿弥陀寺のヤマモモ,2
周防国府跡出土木簡,2
天神山古墳出土品,2
青銅誕生釈迦仏立像,2
熊野神社の獅子頭,2
三田尻浜大会所跡,2
右田毛利氏墓,2
大和屋政助の船蔵,2
宮市,2
護国寺_しょうぶ,2
防府市中浦の緑色片岩,2
山口ふるさと伝承総合センター_レンタサイクル,2
山口市菜香亭_レンタサイクル,2
ヒュッテ桂谷ランプの宿_里山体験,2
ユラリ,2
おおすみ歴史美術館,2
宮本果樹園_ぶどう,2
竹屋観光ぶどう園_ぶどう,2
栗林観光ぶどう園_ぶどう,2
森林セラピー基地,2
所郁太郎の墓,2
黄金児童公園,2
おとどいやま森林公園,2
善生寺庭園,2
八幡隊結成の地,2
丸塚古墳群,2
山口県文書館,2
山口県埋蔵文化財センター,2
竪小路,2
両足寺_つばき,2
滑峡_もみじ・けやき,2
重源の郷_あじさい,2
重源の郷_しょうぶ,2
棯畑のノハナショウブ自生地_のはなしょうぶ,2
舟山八幡宮のチシャノキ,2
犬鳴の滝,2
楫取素彦夫妻の墓,2
久坂玄瑞誕生地,7
長門峡観光協会,4
須佐湾フィッシングパーク,4
道の駅萩往還_もみじ・いちょう,4
広沢寺(山口県山口市),4
旭水の森,3
萩・石見カントリー倶楽部,3
下横瀬公民館(旧明木村立図書館),3
高山(磁石石),5
来嶋又兵衛の旧宅跡,5
盤石橋,5
深まてかた海水浴場(キャンプ場),4
萩城下街割原標石,4
鹿背隧道,4
六島諸島,4
朝倉八幡宮,4
源久寺,4
玄答院,4
才谷古墳,4
百谷窯跡,4
周防鋳銭司跡,4
陶陶窯跡,4
錦鶏の滝,4
長門峡梨組合_なし,3
田万川河川公園,3
法積寺,3
ボニーベイ シーカヤックセンター,3
長門湯本温泉旅館協同組合,3
末益蒲鉾店,3
吉田松陰東送の碑,3
大照院庭園,3
涙松跡(萩往還),3
上長瀬一里塚,3
奥阿武宰判勘場跡,3
村田清風別宅跡,3
生涯学習資料館,3
梅屋七兵衛旧宅,3
萩学校教員室,3
常念寺表門,3
旧福原家書院,3
長井雅楽旧宅跡,3
木間菖蒲園,3
淵ケ平の滝,3
萩・長門峡観光遊覧船,3
道の駅 萩しーまーと_お魚クッキング体験,3
厚保栗の渋皮煮,2
萩往還(萩),2
木造毘沙門天立像(山口県萩市),2
体験農園付きオートキャンプ場,2
秋吉台の萩の群生,2
桂木山,2
法香院の板碑,2
切畑の石風呂,2
秋吉台エコミュージアム・大正洞・景清洞・秋吉台サファリランド沿線_あじさい,2
明林寺のイヌマキ,2
中島巨峰園_ぶどう,2
飯山八幡宮,2
萩藩主毛利家墓所【大照院墓所】,2
大照院_もみじ,2
大照院のフジ,2
河内の大ムク,2
萩温泉旅館協同組合,2
秋穂観光地曳き網,1
グランジャ ヤマネ_ぶどう・なし,1
井本ぶどう園_ぶどう・なし,1
仁保のクワ,1
法泉寺のシンパク,1
雀谷山,1
ダイビングスクールWITH山口店,1
山口県旅館ホテル生活衛生同業組合,1
一般社団法人山口観光コンベンション協会 徳地支部,1
壁島,3
浮舟庵の墓,3
松浦松洞誕生地,3
むつみの菜の花畑_菜の花,2
紫福の隠れ切支丹遺物,4
萩市須佐歴史民俗資料館,4
高山岬,4
日本海温泉(鹿島の湯),4
元寇の碇石,4
広沢真臣の旧宅跡,4
御茶屋臨野堂跡,4
安部家本陣跡,4
周布政之助の碑,4
旭サンファーム_なし・ぶどう・りんご,3
淵ケ平遊歩道,3
萩アクティビティパークあさひオートキャンプ場,3
21世紀の森夏木原キャンプ場,3
長磯海水浴場,3
長磯浜キャンプ場,3
殿川養鱒場,3
中山ぶどう園_ぶどう,3
常徳寺庭園,3
石川果樹園_ぶどう,3
木造釈迦如来坐像【木喰五行上人】,3
やすらぎの森宇生,3
須佐地古墳,3
塚穴古墳,3
阿武町 町民センター・文化ホール,3
筒尾海水浴場,3
遠岳キャンプ場,3
太用寺(山口県阿武町),3
シーカヤック体験 ギ・パドラーズ,3
阿武川歴史民俗資料館,3
木造釈迦如来立像・木造阿弥陀如来立像,3
人丸神社境内の古典樹苑,3
青海島観光汽船 特別企画サンセット漁火クルーズ,3
つり掘紫津浦,3
青海島高山オートキャンプ場,3
長門市日置歴史民俗資料館,3
青海島八王子山タチバナ自生北限地,3
高山(山口県長門市),3
俵山温泉合名会社,3
萩レンタサイクル(萩リバーサイドホテル小川),3
萩-山口宇部空港直行タクシー,3
萩温泉弘法寺の湯,3
萩・維新塾,3
萩セミナーハウス,3
石井茶碗美術館,3
見島_建網漁体験,3
萩往還夏木原交流施設(休止中),3
田床山いこいの広場,3
渡辺蒿蔵旧宅,3
入江九一・野村靖誕生地,3
周布政之助旧宅地,3
吉見正頼息女の墓,3
鬼揚子,3
長寿寺(十三重塔),3
明倫館遺構聖廟(海潮寺),3
北門屋敷_レンタサイクル,2
旭サンファーム,2
伊藤果樹園_ぶどう,2
防長マリン株式会社 萩指月マリーナ,2
飛石山キャンプ場,2
椿八幡宮,2
南明寺観音堂,2
龍蔵寺観音堂,2
萩焼古窯跡群,2
円光寺穴観音古墳,2
平山台_もも・なし,2
国木田独歩の詩碑(山口県田布施町),3
厚狭ゴルフ倶楽部,3
土井ヶ浜遺跡,6
山口レインボーヒルズ豊田湖ゴルフクラブ,4
防府市文化財郷土資料館,4
金子みすゞ顕彰碑【寿公園】,4
浮石義民碑,3
山口レインボーヒルズ関門菊川ゴルフクラブ,3
菊川水掛不動尊,3
山陽小野田市青年の家,3
荒滝山,3
林芙美子文学碑(山口県下関市),3
菊舎尼の句碑,3
寺畑のコジイ,3
川棚温泉観光協会,6
赤田海水浴場キャンプ場,5
津波敷温泉,4
阿川毛利氏墓所,4
安養寺(木造阿弥陀如来坐像),4
中山渓,4
青木周蔵誕生の地,4
岩畠古墳,4
大村能章の胸像,4
住吉神社の石造燈台,4
江泊瓦窯跡,4
右田ヶ岳城跡,4
宮市本陣兄部家,4
宇部興産ビル,4
ときわ公園_アジサイ,4
貸切観光船・遊覧船,4
ベイサイド104,4
奇兵隊陣屋跡,4
住吉神社宝物館,4
長府庭園_しょうぶ,4
ニシエフ,3
土井ヶ浜キャンプ場,3
朝陽カントリークラブ,3
寝太郎権現像,3
千林尼の大休・指月石畳道,3
仁保の上道乾屋敷跡,3
日吉神社のオガタマノキ巨樹群,3
旭観光協会,3
岡崎八幡宮のクスノキの大樹,3
関門海峡ヘリコプター遊覧飛行,3
蓋井島航路(蓋井島~吉見),3
豊田農業公園みのりの丘_そば打ち・農業体験,3
ふく楽舎_ふく料理体験,3
黒川写真館跡,3
若宮石造宝塔,3
豊田県立自然公園,3
梶栗浜遺跡,3
有富古墳,3
赤間醸造株式会社「ふくみそ」,3
湯の原ダム,3
旧宮崎商館,3
老の山公園_つつじ,3
長府正円寺の大イチョウ,3
台の正片麻岩,3
スサリゾートダイビングサービス,2
明峰寺微笑庭_つつじ,2
長門貸切送迎タクシー,2
漁火に感動!~イカ釣り体験ツアー,2
ダイビングショップWITH長門店,2
法船庵,2
ながと歴史民俗資料室,2
長門高民俗資料館,2
八幡人丸神社御旅所のヒノキ巨樹,2
金ノ口の連理のサカキ,2
俵山しっちょる会,2
相島~萩間航路(相島~萩間),2
中沢商店_レンタサイクル,2
城山窯_レンタサイクル,2
平山台観光農園_なし,2
陶華山松尾藻風窯_萩焼体験,2
椿八幡宮_いちょう,2
長沢台,2
JHダイバーズ・萩スーツセンター_ダイビング,2
山口潜水・マリンサービス萩,2
長向寺,2
中国自然歩道 長府~竜王山コース,2
宮山古墳(山口県下関市),2
殿敷のトロニエム岩,2
江汐公園キャンプ場,2
若山公園,3
清安寺,3
船木宿,3
塩浜石炭焚滓堆積地,3
仁保の上古墳,3
菩提寺山市民の森,3
下関市園芸センター,6
野谷の石風呂,4
岸見の石風呂,4
雨田草堂,4
深谷十三佛石像,4
滑三本杉,4
楢崎家屋敷跡,4
友善塾跡,4
萩政府軍本陣跡門,4
桑山招魂場,4
楫取素彦三田尻岡村本邸,4
富永豊ぶどう園_ぶどう,3
山陽グリーンゴルフコース,3
松嶽山展望台,3
糸根公園,3
小野田の皿山製品,3
片倉温泉,3
粟野川,2
松陰亭,2
附野海岸,2
神田岬,2
タイハマチ観光つり掘,2
歌野川ダム,2
山陽小野田市青年の家キャンプ場,2
松嶽山_うめ,2
安徳天皇西市御陵墓(参考地),1
佐々木モータース(株)宇部マリーナ,1
ときわ湖畔北キャンプ場,1
霜降山キャンプ場,1
ときわ公園_皇帝ダリア,1
宗隣寺_もみじ,1
宗隣寺_さくら,1
南山口の産業遺産と絶景スポットを巡る旅,1
宇部旅館ホテル生活衛生同業組合,1
六連島渡船(竹崎~六連島),1
下関観光タクシー(個人),1
下関市立青年の家,1
豊北第一農園_なし,1
中嶋農園_みかん,1
土井ケ浜バンガロー,1
よしもマリーナ,1
豊田西トリムコース,1
豊田のトリムコース,1
室津キャンプ場,1
長府庭園_つばき_ムベ,1
東行庵_さざんか_つばき,1
中山渓_もみじ,1
品川菖蒲園_しょうぶ,1
下関市園芸センター_しょうぶ,1
老の山公園_うめ,1
蓋井島のヒゼンマユミ群落,1
覚苑寺_うめ,1
七神社の社叢,1
川棚温泉ボランティアガイド,1
江汐公園_あじさい,5
向岸寺(鯨位牌・鯨鯢過去帳),2
三島神社社叢【カヤノキ】,4
銭屋鋳銭所遺跡,4
末原窯跡群,4
大田往還道松,4
綾木八幡宮のナタオレノキ,4
明楽寺の大イチョウ,4
銭屋のハゼの木,4
瀧の畑の奇岩,4
美東大滝,4
豊久丸の墓,4
大原湖 湖つり,4
岩崎寺観音堂鰐口,2
木造千手観音菩薩立像,2
ときわ公園_皇帝ヒマワリ,2
熊野神社のツルマンリョウ自生地,2
プレジデントカントリー倶楽部山陽,1
ニッサンマリン宇部,1
東行庵_しょうぶ,6
鶴ヶ浜天然温泉,5
地獄台,4
滝部のしだれ桜_さくら,3
小串エヒメアヤメ自生南限地帯_えひめあやめ,3
塑造寿円禅師坐像,4
中尾洞,4
伝小野小町歌碑,4
小池佐渡守好安の墓,4
どじょう森様,4
田津の石風呂,4
豊北峡,3
舟郡ダム(青龍湖),3
神上寺,3
菊川自然活用村キャンプ場,3
多武の峰公園,3
山田顕義旧宅跡,3
小林和作画伯・浜村秀雄(ボストンマラソン優勝者)展示室,3
秋穂二島のアラカシ,3
岩谷の十三仏,2
小野湖 湖つり,2
宇部市白土潮干狩り,2
下関ゴールデンゴルフクラブ,2
蓋井島「山の神」の森,2
東行庵_かえで,2
周南西緑地公園_しょうぶ,4
周南西緑地公園_はす,3
周防国分寺招魂碑,3
千年大祭記念碑,3
光妙寺,3
広沢真臣の墓,3
錦小路頼徳の墓と碑,3
下関市豊田テニスコート,2
野波瀬釣りデッキ,4
山縣有朋誕生地,7
俵島柱状節理,5
熊谷美術館(山口県萩市),4
長沢池,4
ダイビングショップFUN,0
永源山公園,85
湯野温泉,110
山口県立美術館,110
秋芳洞案内所,25
長府庭園,44
下関市立美術館,25
下松公園,8
広島東洋カープ由宇練習場,32
果子乃季本社工場,84
御堀堂「御堀堂の外郎」,60
吉田松陰歴史館,41
菊屋横町,33
道の駅 長門峡,27
山陰堂「名菓舌鼓」,26
みすゞ通り,25
二尊院(山口県長門市),22
白壁の町並み(柳井市古市金屋地区伝統的建造物群保存地区),22
大河内温泉,14
巖流島渡船,14
萩市堀内地区伝統的建造物群保存地区,12
古熊神社,8
龍蔵寺(山口県山口市),8
宗隣寺,7
南原寺,6
重源の郷_さくら,6
立岩(山口県周防大島町),5
来島又兵衛誕生記念碑,4
春日神社_さくら,4
秋芳白糸の滝,65
伊藤博文旧宅,41
道の駅 きくがわ,28
海峡メッセ下関,26
清水寺(山口県山口市),25
常盤湖,21
楊貴妃の里,19
美東サービスエリア(上り線),18
旧久保田家住宅,18
野山獄・岩倉獄跡,17
八坂神社(山口県山口市),17
下関土産品センター,15
吉田松陰誕生地,15
くじら資料館,14
柳井市町並み資料館,13
本山岬公園,12
金子みすゞ詩の小径,11
豊田ホタルの里ミュージアム,10
商家博物館むろやの園(小田家の生活用具・商家資料・町家),10
錦雲閣,10
伊勢屋横町,9
北長門海岸,9
七卿の碑,9
しらかべ学遊館,8
国森家住宅,8
吉部の大岩郷,6
上関砲台跡(室津日和山、長島東山),6
嵩山山頂展望台,6
平安橋,6
高杉晋作終焉の地,6
一の坂川沿い,5
修禅寺(山口県下関市),5
正護寺,5
高杉晋作療養の地,5
美祢市養鱒場つり堀,4
小野小町の墓(山口県下関市),4
松嶽山正法寺,4
岩国城北の丸遊歩道_つばき,4
萩市自然と歴史の展示館,4
乃木将軍銅像,4
長門鋳銭所跡,4
外史公園,3
笠戸島_河津桜,3
山田家本屋,3
江戸屋横町,3
サザエさん,3
萩藩新地会所跡,3
覚苑寺本堂,3
木造阿弥陀如来坐像(山口県光市),2
木造子安観世音大士半跏像・木造子安観世音菩薩半跏像,2
しおかぜの里角島,35
伊藤博文別邸,27
山口大神宮,20
虹ケ浜海岸,17
吉香神社本殿・拝殿・幣殿・神門・鳥居,16
笠戸大橋,16
松陰神社宝物殿「至誠館」,13
秋吉台科学博物館,11
土井ヶ浜海岸,11
阿多田交流館,11
吉川広嘉公銅像,11
東大寺別院阿弥陀寺_あじさい,11
萩往還(山口),11
ふれあいパーク大原湖,10
美祢市歴史民俗資料館,10
(有)光国本店「夏蜜柑丸漬」,10
龍福寺(大内氏館跡),10
古江小路・菅家長屋門,10
しもせりんご村_りんご,9
伊上海浜公園YYビーチ350,9
秋芳洞ふれあい広場,9
かんきつ公園_夏みかんの花,9
何遠亭,9
中原中也詩碑,9
山口銀行旧本店,9
角島夢崎ハマユウ群生地_はまゆう,8
漢陽寺,8
城山歴史公園_河津桜,8
柳井醤油「甘露醤油」,8
元萩窯_萩焼体験,8
田中義一誕生地,8
平清水八幡宮本殿,8
美東サービスエリア(下り線),7
のんびらんど・うましま,7
岩国徴古館,7
閼伽井坊塔婆(多宝塔),7
大楽寺,7
瓦屋跡,7
神福寺,7
大内氏遺跡附凌雲寺跡,7
徳山駅前賑わい交流施設,6
コバルトライン,6
つのしま自然館,6
城山歴史公園,6
四階楼,6
長登銅山文化交流館,6
清水温泉,6
高嶺城跡(大内氏遺跡),6
光台寺(ワンワン寺),5
船平山,5
佐々木小次郎の墓,5
長登銅山跡,5
旧殿居郵便局舎,5
草山公園,5
伊藤公資料館,5
奇兵隊本陣跡,5
白山比_神社(白山神社),5
花岡八幡宮,5
枡築らんかん橋,5
萩焼会館_萩焼体験,5
スマイル貸自転車_レンタサイクル,5
品川弥二郎誕生地,5
萩藩主毛利家墓所(旧天樹院墓所),5
大板山たたら製鉄遺跡,5
萩キリシタン殉教者記念公園,5
ときわ湖水ホール,5
長府観光会館,5
新下関駅観光案内所,5
岩国錦帯橋空港,4
田万川キャンプ場,4
油谷青年の家,4
虚無僧墓,4
狗留孫山修禅寺の一本杉,4
円応寺(山口県山陽小野田市),4
田布施町郷土館_岸・佐藤兄弟宰相の遺品展示室,4
岩屋観音(山口県岩国市),4
川崎観音,4
俵山七重川河川プール,4
極楽寺(山口県長門市),4
向徳寺_あじさい,4
清鏡寺(清水宗治主従の供養塔),4
普賢寺(山口県光市),4
二井観光ぶどう園_ぶどう,4
籌勝院,4
郡司鋳造所遺構広場,4
落合の石橋,4
坪井九右衛門旧宅,4
萩市佐々並市伝統的建造物群保存地区,4
道の駅「ゆとりパークたまがわ」_つつじ,4
豊栄神社,4
両足寺_もみじ,4
覚苑寺,4
豊田町観光協会,4
宮野ホタルの里,3
室積海岸夕日,3
なかおりんご園,3
秋吉台エコ・ミュージアム,3
其中庵,3
法光寺(阿弥陀堂の仏像),3
周南市鶴いこいの里,3
大陽寺,3
岸田みかん園,3
白鳥八幡宮,3
秋田農園_みかん,3
長浦スポーツ海浜スクエア,3
建咲院,3
福楽寺_野寺の文化財等,3
高照寺山,3
野島~三田尻航路,3
防府市観光案内所_レンタサイクル,3
防石鉄道蒸気機関車,3
金銅菩薩形立像(満願寺),3
萩温泉郷,3
村田蒲鉾店,3
金毘羅社円政寺,3
萩市観光「自然と歴史」情報センター,3
其中庵_うめ,3
井上公園_さくら,3
白石正一郎旧邸跡,3
桜山神社(山口県下関市),3
下関市立歴史博物館(平成28年11月18日リニューアルオープン),3
瑞相寺,2
鰐鳴八幡宮,2
海の家 オーシャン,2
快活CLUB下関長府店,2
クラブノア見島,2
白木山展望台,2
農産物加工販売所「つつじ」,2
西堂寺六角堂,2
室津海水浴場,2
月輪寺薬師堂 附 厨子一基 棟札二枚,2
貞昌寺,2
帯石観音,2
西長寺,2
吉安農園_なし・ぶどう,2
招魂社_もみじ,2
湯免ふれあいセンター,2
向山文庫跡,2
鵜飼育施設「吉香 鵜の里」,2
妙見宮鷲頭寺,2
萩焼資料館,2
熊谷家住宅(山口県萩市),2
東隆寺,2
浄名寺,2
桜山神社(招魂社),2
ゆめタウン徳山,1
JF大海直売所,1
米ぬか酵素風呂 天心,1
ゆめタウン山口,1
椙杜八幡宮,1
岩國焼 吉香窯,0
おのだサンパーク,1
ウェスタまるき菊川店,1
普春寺,1
イギリス陶芸園,1
やすみつ農園,1
光明寺,1
萩焼窯元 岡田窯,0
響SUP,1
覚天寺,1
天台浄土門 法瀧院,1
別府厳島神社,1
久屋寺,1
閼伽井坊,1
普慶寺,1
梅ヶ峠駅,1
天然記念物 万倉の大岩郷,1
湯の宿・味の宿梅乃屋,1
夕景の宿 海のゆりかご 萩小町,1
株式会社 海耕舎,1
小積の河津桜,1
牧崎風の公園,1
むつみ昆虫王国,1
夫婦島(男鹿島・女鹿島),1
弥栄峡(山口県岩国市),1
真宮島【エンジェルロード】,1
文珠山・文殊堂,1
幸進堂,1
花の海,1
焼野海岸・きららビーチ焼野,1
岩屋寺(石造笠塔婆),1
三丘ゆめ広場「学びの椅子」,1
秋吉台second,1
白水の池,1
二反田溜池カキツバタ群生地,1
きじや_「鳩子の海」,1
八幡人丸神社と古典樹苑,1
長門おもちゃ美術館,1
山陽小野田市歴史民俗資料館,1
日産レンタカー 岩国錦帯橋空港店,1
周東中央グランド,1
岩国駅観光案内所,1
長岡外史,1
木造十一面観世音菩薩立像(極楽寺),1
護国寺笠塔婆,1
天徳寺(山口県防府市),1
いかマルシェ スサノモノ ミコト館,1
雲林寺,1
阿武川ダム[阿武湖],1
笠山椿群生林,1
島地温泉(ロハス島地温泉),1
今八幡宮楼門・拝殿・本殿,1
亀山公園【亀山公園山頂広場】,1
椹野川,1
新山口駅北口観光交流センター,1
道の駅「きくがわ」,1
海の家 波乗りジョニー,1
日幡神社棟札,1
一の俣桜公園,1
角島ダルマギク群生地_ダルマギク,1
石柱溪,1
宇野千代生家,8
やない西蔵_金魚ちょうちん製作体験・柳井縞の機織り体験,8
紅葉谷公園_もみじ,10
洞泉寺(山口県岩国市),2
永興寺,1
蓋井島,9
和木町歴史資料館,2
笠山噴火口,13
福原史跡公園,7
平郡島,1
氷室岳,1
六連島,5
ひがしや菓子店「翁飴」,3
佐々木農園_みかん,3
松島キャンプ場,1
彫刻のまち宇部,7
地福梨組合_なし,3
KDDIパラボラ館,8
山口大学埋蔵文化財資料館,3
下関市川棚温泉交流センター(川棚の杜),6
響灘・厚島展望公園,8
平家の一杯水,6
高浜虚子句碑(山口県下関市),5
旧内務省下関土木出張所乾船渠,4
潮音洞,6
漢陽寺曲水の庭,2
漢陽寺_もみじ,1
若山城跡,5
妙円寺_清狂草堂_僧月性の遺跡,2
道の駅 あさひ,7
ぴーすふる 青竜泉,7
前原一誠旧宅,5
梨狩り案内所,2
青海島鯨墓,8
グリーンモール商店街,12
美祢市化石館,4
下関フィッシングパーク,9
岩国学校教育資料館,1
二位ノ浜キャンプ場,1
サビエル公園,2
東鳳翩山,7
山村別館,3
ニッポンレンタカー 下関駅西口店,5
吉母海水浴場,8
萩夏みかん工房,6
乃木浜総合公園,5
酒庵空 下関酒造株式会社,12
大津島ふれあいセンター,6
大津島,7
グランドホテルニュー湯谷,4
防府市青少年科学館・ソラール,10
維新百年記念公園,83
唐戸レトロ,45
鳴滝(山口県山口市),52
山口情報芸術センター[YCAM],34
江汐公園,19
屋代島(周防大島),47
上関,26
八坂神社,20
ことり農園,9
山口ふるさと伝承総合センター_大内塗体験,8
下関市園芸センター_うめ,6
笠戸島の「夕日岬」,30
道の駅「萩しーまーと」_河津桜,7
虎ヶ崎,15
妙青寺_うめ,5
須佐ホルンフェルス付近_つわぶき,16
笠山コウライタチバナ自生地,13
SOZU温泉,9
上関温泉,5
吉香公園_はなしょうぶ,4
日和山公園(山口県下関市),69
山口県立きらら浜自然観察公園,15
神護寺(山口県平生町),13
口羽家住宅,8
上関大橋,7
五橋文庫,4
専光寺,3
長門峡_もみじ,37
田中義一別邸,8
住吉神社拝殿,7
白壁ふれあい広場(柳井市観光協会),3
柳井天満宮(菅原神社)_ソテツ群,6
重枝醤油店「甘露醤油」,17
国木田独歩旧宅,5
イオンタウン防府,14
槍倒し松,5
吉川史料館,6
香山公園_うめ,11
香山公園(香山墓所、露山堂、枕流亭),4
湯田温泉旅館協同組合,11
下関南部町郵便局,25
五卿潜居の間,4
住吉神社本殿,7
上関海峡,17
旧山口藩庁門,13
周防大島温泉,6
片添ヶ浜温泉遊湯ランド,4
下関ゴルフ倶楽部,2
白石山(山口県山口市),1
狗留孫山second,1
中国自然歩道 豊田湖~秋吉台コース,1
波の花,1
角島夢崎波の公園_すいせん,6
室津(山口県上関町),1
渡辺翁記念会館,3
サルワーレ(周防大島店),0
瑠璃光寺資料館,3
井上馨の墓,2
問田益田氏旧宅土塀,2
山陽オートレース場,1
菅野湖,1
大林寺(山口県山口市),1
湯本温泉市営公衆浴場礼湯,9
八坂神社本殿,4
築山跡(大内氏遺跡),2
SOZU温泉(旧雙津峡温泉 憩の家),5
三原りんご園_りんご,5
琴石山_ヤマザクラ,1
中山神社(山口県下関市),1
子安観音(山口県下関市),1
光市観光協会,3
江泊温泉(和の湯),6
協同組合田布施地域交流館,4
八島,1
宇部72カントリークラブ 江畑池コース,4
おもいで塾,0
R188海岸線,10
白為旅館(御食事処しらため別館),5
下松スポーツ公園(トラックワンアリーナ・総合グラウンド・球技場・冒険の森・温水プール「アクアピアこいじ」),9
吉香公園_つつじ,3
徳佐りんご観光協会,6
烏帽子岳(山口県周南市),27
寂地山,16
いきみikiikiセンター,6
銭壺山,4
深谷大橋,6
山口県児童センター・プラネタリウム,7
十種ケ峰ウッドパーク,3
旧福原家萩屋敷門,2
久山園_みかん,4
薬師堂(山口県長門市),13
ボウリングの・森,10
二位ノ浜海水浴場,9
二位の浜ハマオモト(ハマユウ)群落,1
海苔石海岸,2
おこめ巻子のデコ巻き寿司教室,0
青海島海水浴場,7
屏風岩(山口県萩市),3
菊川温泉,4
満畑達磨堂「青海苔ようかん」,6
かまぼこ歴史館,4
宇部市岐波(キワ・ラ・ビーチ)潮干狩り,3
永安商店「ふぐ提灯」,1
山口ワイナリー,4
厚狭,1
豊北町特産品センター,1
MARKET623,1
海眺の宿 あいお荘,7
吉香公園_あじさい,3
於福温泉,1
グリーンオアシス,10
美祢市化石採集場_化石採集体験,5
祝島,11
周南市美術博物館,9
大畠瀬戸の渦潮,5
二鹿野外活動センターキャンプ場,5
寂地峡_もみじ,4
中山湖,3
室積海岸,7
長者ケ森,5
そうづきょう温泉・錦パレス,0
赤田海水浴場,4
徳地串一帯,4
寂地峡五竜の滝,1
巌島神社,1
山口ゆらめき回廊,3
国立山口徳地青少年自然の家,5
顕義園 山田顕義誕生地,2
ビジットジャパン案内所 高大,1
豊田湖 湖つり,3
前原一誠旧宅跡,2
人力車,2
山崎果樹園_ぶどう,2
海家 波乗りジョニー,2
萩指月温泉【リゾートホテル美萩】,4
森林体験交流施設丸太村,3
千代の滝,4
日積観光ぶどう園 瀬戸の太陽,3
吉部八幡宮のスギ,3
秋芳梨生産販売協同組合_なし,3
大田・絵堂戦跡記念碑,3
寂地キャンプ場,3
龍蔵寺のイチョウ,2
法積寺_はす,2
源久寺_はす,2
石柱渓,5
国分寺金堂,2
景清洞・探検コース_洞窟探検,3
古熊神社拝殿・本殿,4
光市文化センター,2
長門市総合公園テニスコート,2
大島青年の家,3
二俣神社,1
周方神社,1
防府天満宮鈴虫坂,1
豊田湖自然休養村豊田湖畔公園,3
霜降山,2
中山忠光墓,2
深坂溜池,2
長府藩侍屋敷長屋,4
安岡海水浴場,4
高杉晋作陶像,5
中山神社【綾羅木】,5
通津美が浦公園,4
豊功神社,2
西浦農協観光みかん園,3
一般社団法人萩市観光協会,3
秋吉台リフレッシュパークオートキャンプ場,3
自然探訪ときのこ狩り,2
長田海水浴場・海浜公園,3
富海海水浴場,6
長野山緑地公園キャンプ場,1
若山,1
長野山緑地公園,1
福川本陣跡,1
高瀬峡_もみじ,1
高瀬サン・スポーツランド,1
春日神社,1
宇部72カントリークラブ 万年池東コース,2
伏馬山ネムの丘キャンプ場,3
岩屋観音窟,1
片添ヶ浜温泉,1
黒岩峡,3
錦川観光協会,1
大内義隆供養塔,1
中道海水浴場,3
駅レンタカー 新下関営業所,1
駅レンタカー 下関営業所,1
湯野温泉 夜市川周辺,3
萩阿武川温泉ふれあい会館,3
田万川温泉憩いの湯,3
大日比ナツミカン原樹,2
潮風呂保養館,1
久賀の石風呂,1
昌明館附属屋及び門,2
千春楽_地曳網体験,1
宇部72カントリークラブ 万年池西コース,2
PureHeart,0
ダイドック オーシャン カヤックス,0
大楽寺_ひまわり,1
東行庵_うめ,2
山口ふれあい館,1
三丘温泉,2
東善寺やすらぎの里,3
洞玄寺,1
せせらぎ豊鹿里パーク鹿野オートキャンプ場,2
呼鶴温泉,2
きじや小路,1
莇ヶ岳,1
毛利元就公歯廟,1
萩焼窯元 光彩庵,0
徳仙の滝,2
時代工房,1
Hick surf shop Factory(ヒックサーフショップファクトリー),0
とんがりぼうし豊浦,0
附野薬師東山寺(薬師像),1
翠~sui~,0
農林産物直売所しゃくなげ,1
ギャラリー蔵,1
長山公園_さくら,2
神花山古墳,1
滝ノ口河川公園,1
トヨタレンタリース山口 山口宇部空港店,1
寂地峡,1
吉賀大眉記念館,8
阿川果樹園_なし・ぶどう・くり,2
秋穂正八幡宮本殿・拝殿・楼門及び庁屋,1
出雲神社ツルマンリョウ自生地,1
白木山公園,1
タイムズカーレンタル 萩店,1
men andwo 下松店,0
脱毛サロンmen andwo,0
FAM'Sキッチンいわくに,0
遊漁船 恵比寿丸,0
ホテルウィングインターナショナル下関,3
調香室 Scent,0
不易庵 守田唐七窯,0
星のビーチ,0
楞厳寺,0
山口市中心商店街,0
陶芸の村公園,0
あぶナビ,0
美土里陶房,1
Flower shop ルミエ,0
ドックラン宇部 お寺の庭,0
特牛駅,0
福原乙之進の墓(伝_鞍馬天狗),0
月の桂の庭,0
三見橋(眼鏡橋),0
麻羅観音,0
徳地和紙ワークス,0
つぎはぎ農園,0
mahaloha(ハワイアンカフェ&ダイニングバー Uilani),0
千々松和紙工房,0
鳥雲窯,0
山口県東部海域にエコツーリズムを推進する会,0
ギャラリーまねき猫や,0
防府きもの体験しをり,0
KO SILVER,0
ジュエリーアラザン,0
瀧谷寺,0
スキューバーダイビングかりゆし,0
児玉神社,0
seafood kitchen BOW,0
十朋亭維新館,0
やまぐち萩往還案内所,0
あとうサイクルツアー,0
GI Paddlers,1
Space Fantasia,0
貸衣裳千景店,6
かものはら果樹園,0
mahaloha,2
ビーチクラブアクア,2
CHA CHA DO,3
Atelier Kirari,0
らかん高原 オートキャンプ場,0
陶芸教室 遊土,0
シーブリーズ+1987,0
農事組合法人21世紀フラワーファーム,0
乗馬クラブ クレイン多々良,0
萩焼工房 土和窯,0
みらいガーデンファーム,2
アトリエモ・ノ・ラー,0
萩の宿 常茂恵,0
Original雑貨CHERICO(山口教室),0
シネマサンシャイン下関,0
Original雑貨CHERICO,1
山チョス実行委員会,0
長府庭園「紫陽花」,0
青海島共和国,0
ボルダリングジムユニティ,0
周南大橋,0
港公園,0
晴海親水公園,0
工房アリィ,7
釣り船じゅげむ,0
西本農園,0
須佐おもてなし協会,0
山野農園,0
ダイビングスクールWITH山口,5
倉重みかん園,0
香山公園前観光案内所,11
一般社団法人宇部観光コンベンション協会,5
Wind Avenue,0
Love&Blue,0
Surf shop Lighthouse,0
嚴島神社(下関市),0
海上自衛隊岩国航空基地,0
米海兵隊岩国航空基地,0
月性展示館,3
見島牛保存会,0
道永の滝,0
快活CLUB山口大内店,0
快活CLUB防府店,0
赤田神社,0
やきもの工房,0
手吹きガラス工房 透きや,0
ヒュッテ桂谷ランプの宿,0
黒井漁業協同組合,0
柳邦丸,0
シーアゲイン,0
十種ヶ峰ウッドパークオートキャンプ場,0
陸奥キャンプ場,0
プラザホテル寿,0
芳美丸,0
北斗丸,0
長沢ガーデン,0
たるみ,0
一柳農園,0
下関駅市内観光案内,0
道の駅サザンセトとうわ,102
フィッシングパーク光,13
亀の甲農園,0
パタ屋,0
遊漁船 爆釣丸,0
さくもと釣具,0
Cubelic,0
松田農園,2
岩国乗馬クラブ,0
せと志お,0
椿窯,0
Atelier See-k VITRAIL ステンドグラス教室,0
ウイングスポーツクラブ,0
萩焼販売店 萩焼屋,0
小天狗さんろじ,0
湯田カントリー倶楽部,2
長府毛利邸,53
マジックアイランド光店,0
萩焼 田村屋,0
ナイスビューパーク風車,0
萩アクティビティパーク,0
須佐唐津古窯跡群,0
船平山_ゆうすげ,0
瀬越遊歩道,0
ちづるのパン工房,0
日本海温泉【鹿島の湯】,0
ABUキャンプフィールド,0
阿武町道の駅温水プール,0
鶴ヶ嶺八幡宮,0
夫婦島【男鹿島・女鹿島】,0
大井川(山口県阿武町),0
郷川,0
たけいだに緑の村キャンプ場,0
佐々並川ダム,0
阿武川ダム(阿武湖),0
村田清風旧宅及び墓,0
下関市立豊北歴史民俗資料館 『太翔館(たいしょうかん)』,0
小串並び松海水浴場&キャンプ場,0
快友寺(明版一切経),0
植松古墳公園,0
ニッポンレンタカー 新山口駅前店,0
串山遊歩道,0
山口市徳地文化伝承館,0
飯ヶ岳,0
呼坂宿駅本陣跡,0
ハートランドひらおスポーツレクリエーション公園,0
平生町武道館,0
万葉の碑,0
大野毛利家墓所【秀巌寺】,0
大野毛利家墓所【海前寺跡】,0
阿多田オリーブパーク,0
百済部神社,0
神出古墳群,0
平生町民具館,0
平生町歴史民俗資料館,0
南周防大橋,0
土手町南蛮樋,0
イタリアーノひらおオリーブの森,0
熊川河畔桜並木,0
TAIKOスポーツセンター田布施 テニス場,0
TAIKOスポーツセンター田布施 グラウンド,0
飢民の供養塔【大恩寺】,0
富永有隣の旧宅跡地,0
佐藤榮作宰相墓地,0
高松八幡宮,0
木造地蔵菩薩坐像【蓮華寺】,0
多賀社,0
龍泉寺 楼門とタラヨウ,0
龍泉寺楼門,0
岸宰相旧宅,0
ハゼの巨樹,0
田布施川桜並木,0
ハゼの巨樹second,0
タラヨウ,0
田布施川,0
石城山神籠石,0
上関町特産物センター,0
上関町民グランド,0
五卿の宿 肥後屋跡,0
上関御番所,0
上関砲台跡〈室津日和山、長島東山〉,0
上関町郷土史学習館,0
古地図を片手にまちを歩こう(長島編)古地図で巡る上関の朝鮮通信使,0
古地図を片手にまちを歩こう(室津編)古地図で巡る上関の幕末維新ゆかりの地,0
弥栄湖レンタルボート,0
大畠瀬戸遊漁,0
寂地川,0
宇佐八幡宮のスギ巨樹群,0
木谷峡_もみじ,0
大梅山通化寺,0
四季の味「山代の里」,0
鞍掛城跡及び古戦場跡,0
塔ケ森展望公園,0
鞍掛山展望台,0
蜂ヶ峯総合公園弓道場,0
蜂ヶ峯総合公園庭球場,0
蜂ヶ峯総合公園グラウンド,0
和木町蜂ヶ峯総合公園 Bee+(ビープラス)エリア,0
和木町蜂ヶ峯総合公園,0
和木美術館【アートウィング】,0
歴史資料館(山口県和木町),0
竜崎温泉,0
周防大島のみかん狩り,0
周防大島町みかんの木オーナー制度_みかん,0
長寿の森遊歩道【嵩山森林公園】,0
周防大島町B&G海洋センタープール,0
グリーンスティながうら,0
明月上人誕生地【願行寺】,0
松尾寺【木造二天王立像】,0
瀬戸公園(山口県周防大島町),0
明治維新百年記念公園,0
片添ヶ浜海浜公園〈海水浴場・オートキャンプ場〉,0
陸奥記念館【陸奥記念公園】,0
大島歴史民俗資料館,0
五条千本桜,0
八田山公園_つつじ,0
四岩合わせ奇岩【しあわせ祈願】,0
屋代島 _ 周防大島,0
瀬戸内クルーズ~スナメリに出会う旅~,0
河本水産,0
浦上水産,0
砂本果樹園_ぶどう,0
長寿の森遊歩道(嵩山森林公園),0
白木山(山口県周防大島町),0
瀬戸公園,0
文珠山(山口県周防大島町),0
飯の山,0
久賀歴史民俗資料館・八幡生涯学習のむら,0
周防嫁いらず観音,0
小野田水産株式会社,0
小野田レンタカー,0
埴生温泉 天然温泉みちしお,0
きらら交流館[トロン温泉],0
きらら交流館,0
須恵健康公園庭球場,0
浜河内緑地公園庭球場,0
瓶垣,0
若山公園(山口県山陽小野田市),0
縄地ケ鼻公園,0
酒蔵、ワイナリーで試飲・見学!!~おいしいお酒はこうやってできる!酒蔵、ワイン工場見学,0
物見山総合公園_しょうぶ,0
きららガラス未来館,0
古地図を片手にまちを歩こう(厚狭編),0
株式会社内富海苔店,0
吉田水産,0
平田水産株式会社,0
(有)マルエ水産,0
須金和紙センター_紙すき体験,0
周南周遊!サンセット&ナイトクルージング,0
周南工場夜景エキサイトクルージングツアー,0
周南工場夜景観光タクシー,0
タク酒ー,0
タイムズカーレンタル 徳山駅前店,0
サンコーレンタカー・徳山営業所,0
三丘温泉second,0
湯野温泉足湯,0
ふるた梨ぶどう園_なし・ぶどう,0
せせらぎ・豊鹿里パーク,0
キリンビバレッジ周南市総合スポーツセンター,0
サッカー場(キリンビバレッジ周南総合スポーツセンター),0
身近な運動広場,0
中央第1・第2グランド,0
運動広場,0
弓道場(キリンビバレッジ周南総合スポーツセンター内),0
徳山ソフトボール球場,0
徳山野球場,0
鹿野町プール,0
永源山公園プール,0
新南陽浄化センター庭球場,0
市民グラウンド,0
新南陽浄化センターグラウンド,0
新南陽ふれあいセンター 多目的ホール,0
新南陽体育センター,0
福川武道館,0
新南陽武道館,0
新南陽球場,0
周南市勝間街区公園プール,0
周南市大河内プール,0
熊毛勤労者体育センター,0
癒鶴地【鶴の墓】,0
徳修館,0
四熊板碑,0
金銅聖観音菩薩座像懸仏,0
木造如意輪観音菩薩輪王座像,0
湯野板碑,0
鉄造茶釜,0
紙本墨書 大般若波羅蜜多経,0
絹本着色 釈迦十六善神図,0
慈福寺宝篋印塔,0
上年五輪塔,0
大蔵経,0
山崎隊士の墓所,0
徳山毛利家墓所,0
鹿野天神山公園,0
若山公園(山口県周南市),0
周南緑地公園,0
烏帽子岳ウッドパーク,0
新平ヶ原公園,0
児玉神社(山口県周南市),0
龍雲寺(山口県周南市),0
吉田松陰と寺嶋忠三郎訣別の地,0
周南市郷土美術資料館・尾崎正章記念館,0
周南工場夜景,0
大玉スギ【飛龍八幡宮】,0
彈正糸桜,0
緑と文化のプロムナード 桜並木,0
回天記念館_さくら,0
緑と文化のプロムナード_さくら,0
若山公園_さくら,0
東川緑地公園_さくら,0
夜市川,0
富田川,0
古地図を片手にまちを歩こう(徳山編)古地図で巡る城下町徳山,0
ボランティアガイドと歩こう!!人間魚雷「回天」の基地を訪ねて,0
ボランティアガイドと歩こう!!心安らぐ名水コース,0
ボランティアガイドと歩こう!!小説「坊っちゃん」の主人公弘中又一の故郷と湯野温泉散策,0
漢陽寺 写経・座禅体験,0
工場夜景プレミアム宿泊プラン,0
高瀬峡遊歩道,0
MINEまるごと館,0
秋吉台かるすとタクシー,0
M.Kレンタカー(美祢小型自動車商会),0
秋吉台家族旅行村,0
遺灰像寿円禅師坐像,0
松双鶴亀文柄鏡,0
赤郷八幡宮の梵鐘,0
真長田八幡宮の能面,0
木喰作日光・月光菩薩立像,0
木喰作釈迦如来坐像,0
木喰作弘法大師坐像,0
綾木八幡宮縁起絵巻,0
絹本着色不動明王二童子像,0
大般若波羅密多経600巻,0
藤ヶ河内の自然石板碑[四基],0
来嶋又兵衛像,0
水神の滝(水神公園),0
秋吉台の雲海,0
水神公園_もみじ・はぜ,0
秋吉台 草紅葉,0
有帆川,0
厚狭川,0
小倉の滝(山口県美祢市),0
花尾山(山口県美祢市),0
古地図を片手にまちを歩こう(秋芳編)維新の舞台赤間関街道沿いの歴史を訪ねる,0
大理石クラフト体験,0
秋芳洞闇のロマン探検,0
水神公園そうめん流し,0
秋吉台トレイルランニングコース,0
秋吉台トレッキングコース,0
Mineにぎわいステーション,0
防予フェリー,0
日積観光ぶどう園,0
サザンセト伊保庄マリンパーク,0
湯原海水浴場,0
アデリーホシパーク【柳井ウエルネスパーク】,0
小烏神社,0
黒杭川ダム公園,0
稲荷山公園,0
高山寺庭園_大モクセイ,0
専称寺,0
裸島,0
大畠瀬戸の渦潮(山口県柳井市),0
大畠瀬戸の渦潮second,0
やない西蔵,0
古地図を片手にまちを歩こう(大畠編)古地図で巡る大畠の町並みと大畠瀬戸,0
古地図を片手にまちを歩こう(遠崎・阿月編)柳井にっぽん晴れ街道を歩く,0
柳井縞でまち歩き,0
お菓子屋さんでパティシエ体験,0
古地図を片手にまちを歩こう(白壁の町・柳井編),0
柳井縞機織体験,0
小島かき生産組合,0
(有)松浦商店,0
長門市観光レンタサイクル,0
長門周辺観光タクシー,0
やまぐち絶景満喫バス,0
湯免温泉,0
黄波戸温泉【黄波戸温泉交流センター】,0
山九水産ちくわ工房_ちくわ作り体験(現在体験休止中),0
津田農園,0
津田農園_ぶどう・なし・くり,0
只の浜海水浴場,0
只の浜海岸,0
熊野山公園グランド,0
ふれあい広場(山口県長門市),0
運動広場油谷総合運動公園グランド,0
芝崎グランド,0
稲石農村公園,0
油谷勤労者体育センター,0
日置総合運動公園,0
黄波戸漁村センター多目的ホール,0
日置農村環境改善センター多目的ホール,0
老人福祉センターゲートボール場,0
三隅総合運動公園,0
三隅農業者トレーニングセンター,0
三隅上地区農業者健康管理センター,0
三隅勤労者スポーツセンター弓道場,0
金銅薬師如来立像,0
薬師如来像ほか,0
藤津文書【庄屋文書】,0
菅無田公園,0
西念寺(山口県長門市),0
向徳寺(山口県長門市),0
八坂神社(山口県長門市),0
向岸寺【鯨位牌・鯨鯢過去帳】,0
極楽寺【金銅一光三尊立像】,0
西圓寺,0
遍照寺(山口県長門市),0
西圓寺 本堂・山門,0
極楽寺(金銅一光三尊立像),0
萩焼深川古窯跡群,0
びじゅつかんのハーブ園,0
村田清風記念館・三隅山荘,0
長門市総合文化財センター〈ヒストリアながと〉(旧_ながと歴史民俗資料室),0
早川家住宅,0
赤崎神社楽桟敷,0
早川家住宅second,0
青海島さくらの里,0
西念寺_紅葉,0
能満寺_いちょう,0
びじゅつかんのハーブ園_ラベンダー,0
妙見山展望公園_つつじ,0
熊野山公園_さくら,0
熊野山公園_つつじ,0
西圓寺のアオバス,0
木屋川,0
三隅川,0
深川川,0
掛淵川,0
一位ケ岳,0
花尾山(山口県長門市),0
長門おもちゃ美術館で木のおもちゃと遊ぼう,0
古地図を片手にまちを歩こう(俵山編),0
古地図を片手にまちを歩こう(通編),0
古地図を片手にまちを歩こう(三隅編),0
ながとでサイクリング,0
君は「村田清風」を知っているか_,0
古地図を片手にまちを歩こう(仙崎編),0
大寧寺 爽やか朝坐禅,0
俵山 そば打ち体験,0
魚のさばき方体験・かまぼこ作り体験,0
長門市観光案内所YUKUTE,0
長門市観光案内所 長門市駅構内,0
網重水産(有),0
三島温泉健康交流施設【ゆーぱーく光】,0
かんぽの宿 光,0
光ふるさと郷土館,0
フィッシングパーク光(光市室積),0
虹ケ浜海水浴場・キャンプ場,0
石城山史跡探訪歩道,0
室積キャンプ場,0
光市スポーツ館,0
光勤労者体育センター,0
光スポーツ公園球技場,0
大和総合運動公園テニスコート,0
大和総合運動公園,0
冠天満宮棟札[6枚],0
金銅十一面観世音菩薩座像懸仏[2面],0
八海観音堂の鰐口,0
島田三尊種子板碑[1基],0
十六羅漢像,0
普賢菩薩,0
賀茂神社 銅鐘,0
紙本墨書大般若波蜜多経及び櫃箱,0
光井八海の鰐口,0
島田川河川公園,0
西河原緑地公園,0
浅江神社 シャクナゲ苑,0
清鏡寺【清水宗治主従の供養塔】,0
普賢寺山門,0
光つつじ苑,0
光スポーツ公園あじさい苑,0
冠山総合公園_ぼたん,0
冠山総合公園_しょうぶ,0
峨嵋山,0
光つつじ苑_つつじ,0
夕日の滝(山口県光市),0
島田川,0
古地図を片手にまちを歩こう(室積編)四境戦争勝利のルーツは室積にあり,0
古地図を片手にまちを歩こう(室積編)幕末の室積,0
岩崎寺,0
橋の駅 錦帯橋「展望市場」,0
秋の錦帯橋「地酒舟」,0
秋の錦帯橋「喫茶舟」,0
秋の遊覧船「もみじ舟」,0
城下町舟遊び 錦帯橋城下町とグルメパック,0
ニッポンレンタカー 新岩国駅前店,0
タイムズカーレンタル 岩国錦帯橋空港店,0
タイムズカーレンタル 岩国駅前店,0
ニッポンレンタカー岩国(営),0
岩国国際レンタカー,0
サンコーレンタカー・岩国営業所,0
トヨタレンタリース山口 岩国錦帯橋空港店,0
日産レンタカー 岩国駅前店,0
駅レンタカー 岩国営業所,0
トヨタレンタリース山口 新岩国駅前店,0
ニッポンレンタカー 岩国店,0
駅レンタカー 新岩国営業所,0
深谷峡温泉,0
雙津峡温泉,0
錦帯橋温泉,0
レイクプラザやさか・弥栄湖,0
山口県由宇青少年自然の家【山口県ふれあいパーク】,0
深谷峡温泉清流の郷,0
美和ゴルフクラブ,0
オートキャンプ場須川家族村,0
らかん高原憩いの広場キャンプ場,0
らかん高原スカイパーク,0
玖珂総合公園,0
羅漢山テニスコート,0
由宇グランド,0
由宇テニスコート,0
本郷グランド,0
美和B&G海洋センタープール,0
黒沢スポーツ広場,0
美和総合グランド,0
美和武道館,0
美川グランド,0
周東町若葉プール,0
周東プール,0
周東用田グランド,0
周東中田グランド,0
周東川越グランド,0
周東米川グランド,0
周東祖生グランド,0
玖珂体育センター,0
玖珂グラウンド,0
玖珂プール,0
岩国市民球場,0
二鹿野外活動センター体育館,0
二鹿野外活動センター,0
横山河川敷運動広場,0
錦見河川敷運動広場,0
日の出町テニスコート,0
岩国運動公園すぱーく岩国ゲートボール,0
岩国運動公園テニスコート,0
岩国運動公園武道場,0
岩国運動公園,0
新港運動公園運動広場,0
金銅如来形坐像,0
深龍寺の古版木,0
深龍寺楚鐘,0
深龍寺大乗経[200巻],0
子安マリア観音,0
生見邑中虫枯餓死人過去帳,0
享保17年虫枯亡者過去帖,0
随神像,0
狛犬,0
生見八幡宮本殿,0
生見の鉄燈龍,0
絹本着色十六善神,0
極楽寺薬師堂,0
色々威腹巻,0
白崎八幡宮の御神殿棟札,0
千体仏,0
紙本着色椎尾八幡宮縁起,0
釈迦牟尼如来座像・阿難・迦葉と十六羅漢,0
木造力士像(蛙股),0
木造薬師如来座像,0
鷺神社神楽面,0
武田軍陣立図屏風,0
川中島合戦図屏風,0
鉄錆地百二廿間筋兜鉢 銘 明珍宗家作,0
桐・九曜紋蒔絵挟箱 付 目録,0
紺糸素懸威黒板札菱縫二枚胴具足,0
黒革肩白紅威大袖,0
刀剣拵付,0
紺糸寄素懸威百二十二間筋兜,0
松濤軒記,0
香川家文書,0
織田信長天正茶会記,0
太刀 銘 安吉,0
太刀 守吉作,0
銅製梵鐘,0
山道草花鶴亀文繍箔胴服,0
赤祢武人墓所,0
名水桜井戸,0
山ノ内亀山公園,0
白山比_神社【白山神社】,0
岩隈八幡宮【木造扁額「八幡宮」独立性易筆】,0
岩国 酒蔵見学 (村重酒造),0
岩国 酒蔵見学 (酒井酒造),0
酒井酒造美術館 五橋文庫,0
柏原美術館,0
白蛇観覧施設,0
岩国学校,0
本郷歴史民俗資料館,0
シンフォニア岩国[山口県民文化ホールいわくに],0
弥栄スポーツ公園_さくら,0
木谷の宮モミジ,0
吉香公園のエンジュ,0
由宇川,0
二鹿の滝,0
鞍掛山(山口県岩国市),0
甲冑体験,0
丸太村 木工制作体験,0
岩国寿司体験,0
吉川家の御庭焼と篆刻体験,0
古地図を片手にまちを歩こう(岩国編) 殿様気分で旧城下を散策,0
篆刻体験,0
レンタサイクル【下松市観光協会案内所】,0
大城温泉「潮騒の湯」,0
くだまつ健康パーク【鶴ヶ浜温泉】,0
ひらめきパーク笠戸島【下松市栽培漁業センター】,0
大城温泉・潮騒の湯,0
海上遊歩道【プロムナード】,0
笠戸島家族旅行村,0
下松市勤労者総合福祉センター,0
アクアピアこいじプール,0
絹本淡彩妙見社参詣図,0
銅造神馬,0
扁額(花岡八幡宮),0
絵馬,0
花岡八幡宮文書六十通(九巻),0
千手観音菩薩立像,0
鉄造鰐口,0
破邪の御太刀,0
金銅如意輪観音菩薩半跏像,0
切戸川河川公園,0
下松スポーツ公園,0
潮風ガーデン,0
金輪神社,0
下松護国神社,0
花岡福徳稲荷社,0
降松神社,0
旧内藤家屋敷跡,0
宮原古墳,0
下松公園(星の塔),0
閼伽井坊多宝塔,0
星の塔,0
星の展望台(下松スポーツ公園),0
旧内藤家屋敷跡_もみじ,0
滝ノ口河川公園_もみじ,0
夕日岬(笠戸島),0
切戸川,0
米泉湖【末武川ダム】,0
古地図を片手にまちを歩こう&lt;花岡編&gt;幕末維新と花岡 歴史探訪ウォーク,0
魚のタッチングプール,0
下松市栽培漁業センター(ひらめきパーク笠戸島),0
下松市観光協会案内所,0
_岡虎「にぎり岡虎竹輪」,0
デザインプラザHOFU 特産品ショップ,0
タイムズカーレンタル防府駅前店,0
駅レンタカー 防府営業所,0
トヨタレンタリース山口 防府店,0
防府市サイクリングターミナル,0
三田尻塩田記念産業公園_塩づくり体験,0
山頭火の部屋(アスピラート),0
野島海水浴場,0
防府市サイクリングターミナル_レンタサイクル,0
財団法人防府スポーツセンター野球場,0
防府市文化福祉会館勤労青少年ホーム軽運動場,0
(財)防府スポーツセンター運動広場,0
サイクリングターミナル(山口県防府市),0
野村望東尼終焉の宅跡及び墓,0
周府処士河先生碑・越氏塾沿革碑,0
茶室 芳松庵,0
周防国分寺旧境内,0
宇佐八幡宮石楠花,0
向島小学校 蓬莱桜,0
水かけ五大尊,0
東大寺別院阿弥陀寺石風呂,0
天神山公園からの眺望,0
桑山公園展望広場,0
旧山陽道佐野峠籠立場,0
伊藤・井上両公上陸遺跡碑,0
木造薬師如来坐像【金堂安置】,0
越氏塾資料,0
漢式五神五乳鏡,0
岩淵観音寺の梵鐘,0
太刀(銘吉包),0
太刀(無銘 伝信国),0
木造日光菩薩立像・木造月光菩薩立像,0
木造十一面観世音菩薩立像,0
石造地蔵菩薩半跏像,0
木造観世音菩薩立像・木造勢至菩薩立像,0
木造子安観世音菩薩半跏像,0
木造荒神立像,0
木造子安観世音大士半跏像,0
木造阿難尊者立像・木造迦葉尊者立像,0
紙本墨書源氏物語五十四帖,0
大楽寺の梵鐘,0
銅造鉢,0
木造不動明王立像・木造毘沙門天立像,0
松藤蒔絵文台硯箱,0
木造獅子頭,0
周防国分寺楼門,0
キリシタン灯籠(山口県防府市),0
妙法蓮華経八巻,0
金銅宝塔,0
浅黄糸威褄取鎧兜付,0
紫韋威鎧,0
紙本墨書刀絵図,0
太刀 銘備前国【伝友成】,0
色々威腹巻 兜、大袖、喉輪付,0
紅地桐文散錦直垂,0
能装束紅萌葱地山道菊桐文片身替唐織,0
木造重源坐像,0
種田山頭火の銅像,0
野村望東尼終焉の宅及び宅跡並びに墓,0
大村能章碑,0
桑山公園,0
天神山公園(山口県防府市),0
毛利氏庭園・毛利博物館,0
紫雲石【防府天満宮】,0
春日神社(山口県防府市),0
老松神社(山口県防府市),0
萩往還(防府),0
萩往還[防府],0
山頭火ふるさと館,0
大村能章の部屋【アスピラート】,0
旧毛利家本邸,0
毛利氏庭園_もみじ,0
宇佐八幡宮_しゃくなげ,0
毛利氏庭園_さくら,0
ツツジ・ロード(佐波川左岸遊歩道)_つつじ,0
西浦エヒメアヤメ自生南限地帯,0
右田ヶ岳,0
夕日のビュースポット@向島運動公園,0
古地図を片手にまちを歩こう&lt;三田尻編&gt;志士闊歩の地「防府」三田尻コース,0
古地図を片手にまちを歩こう(宮市編)志士闊歩の地「防府」宮市コース,0
古地図を片手にまちを歩こう(富海編)近世山陽道 富海宿を歩く,0
古地図を片手にまちを歩こう(桑山編)志士闊歩の地「防府」桑山コース,0
古地図を片手にまちを歩こう(三田尻編)古地図で巡る志士闊歩の地「防府」三田尻コース,0
天神五日市,0
防府天満宮天神市,0
ニッポンレンタカー 徳山駅新幹線口店,0
トヨタレンタリース山口 徳山新幹線口店,0
駅レンタカー 徳山営業所,0
中須ゴルフ倶楽部,0
万葉の森,0
向道湖_さくら,0
太華山_さくら,0
内フジ商店,0
中原淡水センター,0
池部蒲鉾店,0
藤政商店,0
大光商店,0
(有)増野海産,0
(有)椙八商店,0
(有)斉藤海産,0
株式会社広松,0
株式会社田槌商店,0
中豊商店,0
豊田商店,0
中好商店,0
角野商店,0
河野商店,0
浜崎商店,0
須ケ牟田商店,0
室金商店,0
室政商店,0
(有)大畑水産,0
鈴川水産加工業,0
川島水産加工業,0
(有)神戸屋「男なら」,0
今田清進堂「大徳寺松風」,0
(有)大つち,0
原田長寿園,0
須佐湾遊覧船,0
萩海運(有),0
TRICYCLE,0
駅レンタカー 東萩営業所,0
トヨタレンタリース山口 萩店,0
萩本陣温泉【萩本陣 湯の丸】,0
萩の風を感じる宿~レンタルハウスはぎ風鈴,0
萩指月温泉 リゾートホテル美萩,0
湯ノ瀬,0
深まてかた海水浴場〈キャンプ場〉,0
長門峡遊歩道,0
マリーナ萩,0
萩往還夏木原交流施設,0
萩ウェルネスパーク,0
半田公民館グランド,0
紫福山村広場,0
萩市福栄グランド,0
萩市田万川グランド(運動広場),0
明神島運動公園,0
萩市須佐グランド,0
萩市むつみグランド,0
萩市むつみB&G海洋センタープール,0
(有)泉流山,0
子供神楽,0
磁石石,0
萩藩主毛利家墓所【旧天樹院墓所】,0
太刀 銘光房 弘安三年十月 日 附 革包太刀拵,0
木造釈迦如来坐像(山口県萩市),0
木造義翁和尚倚像,0
木造千手観音立像(山口県萩市),0
木造聖観音立像(山口県萩市),0
不動明王立像(山口県萩市),0
見島八幡宮鰐口,0
讃岐坊梵鐘,0
亨徳寺山門,0
端坊鐘楼・梵鐘,0
花月楼,0
旧梨羽家書院,0
木造赤童子立像,0
文珠堂の仁王像,0
懸佛[四面],0
木造二天立像[二躯],0
阿弥陀堂廚子[一基],0
千手千眼観世音菩薩像,0
石彫公園,0
かんきつ公園,0
仏光寺【木造文殊菩薩騎獅像】,0
住吉神社(山口県萩市),0
唐樋札場跡【萩往還】,0
菊ケ浜土塁【女台場】,0
涙松跡【萩往還】,0
下横瀬公民館〈旧明木村立図書館〉,0
明倫館遺構万歳橋,0
菊屋家住宅,0
旧小林家住宅【萩往還おもてなし茶屋】,0
明倫館遺構聖廟【海潮寺】,0
旧小林家住宅(萩往還おもてなし茶屋),0
むつみフラワーロード,0
須佐ホルンフェルス周辺つわぶき,0
辻山のシダレザクラ,0
橋本川桜並木,0
道の駅「ハピネスふくえ」サンサン広場_さくら,0
萩城跡指月公園_つわぶき,0
武家屋敷跡_夏みかんの花,0
石彫公園_つつじ・さつき,0
大照院_うめ,0
志都岐山神社のミドリヨシノ,0
三見吉広のバクチノキ,0
笠山_さくら,0
田万川,0
江津川,0
阿武川,0
高山【磁石石】,0
古地図を片手にまちを歩こう(萩城跡編)萩藩主毛利氏の居城「萩城」の歴史を感じる城さんぽ,0
古地図を片手にまちを歩こう(堀内編),0
古地図を片手にまちを歩こう(浜崎編),0
古地図を片手にまちをあるこう(佐々並市編)赤瓦の町屋が佇む萩往還の宿場町を散策,0
古地図を片手にまちを歩こう(須佐編),0
松陰神社宮司による松陰講話,0
古地図を片手にまちを歩こう(萩城城下町編),0
「萩の語り部 講座」,0
おさかな捌き方教室(道の駅 萩しーまーと),0
旭商事株式会社,0
原田丸海産,0
徳地特産品販売所「南大門」,0
観光貸切タクシープラン(山口市),0
宇部市交通局,0
明治維新版タクシープラン,0
湯田温泉 乗合観光タクシー,0
明徳レンタ(有),0
タイムズカーレンタル 山口大学前店,0
ニッポンレンタカー山口営業所,0
(株)ジャパレン・新山口駅前営業所,0
タイムズカーレンタル 新山口駅前店,0
駅レンタカー 新山口営業所,0
島地温泉[ロハス島地温泉],0
阿知須温泉【てしま旅館】,0
山口ふるさと伝承総合センター,0
西の雅 常盤,0
亀乃湯,0
長沢ガーデンsecond,0
カリエンテ山口(山口県婦人教育文化会館),0
翠山荘,0
防長苑,0
セントコア山口,0
KKR山口あさくら,0
ホテルかめ福【2020_3_22から休業】,0
山口市阿東運動広場,0
山口市スポーツの森 第2球場,0
山口市スポーツの森 多目的広場,0
山口県児童センタートレーニング室,0
維新百年記念公園アリーナ,0
維新百年記念公園ラグビー・サッカー場,0
山口大神宮相撲場,0
市民野外活動広場(正田山),0
やまぐちリフレッシュパーク山口市民プール,0
亀山公園庭球場,0
維新百年記念公園テニス場,0
やまぐちリフレッシュパーク庭球場,0
椹野川運動公園,0
やまぐちリフレッシュパーク第1・2グラウンド,0
山口市民南部運動広場,0
維新百年記念公園レクチャールーム,0
維新百年記念公園補助競技場,0
維新百年記念公園球技場,0
維新百年記念公園弓道場,0
維新百年記念公園武道館,0
山口市民柔剣道場,0
山口市スポーツの森西京スタジアム,0
長者ケ原運動公園,0
山口市徳地山村広場,0
山口市小郡屋内プール,0
小郡ゲートボール場,0
山口県中部環境センターテニスコート,0
小郡運動公園多目的広場,0
健康文化センター フィッカルあじす,0
山口市阿知須体育センター,0
周防明倫館兵学寮跡,0
木戸孝允旧邸跡,0
能面(山口県山口市),0
木造四天王立像(山口県山口市),0
木造地蔵菩薩立像,0
木造獅子狛犬,0
木造金剛力士立像(山口県山口市),0
江畑池堰堤,0
絹本墨画淡彩雪舟等揚像,0
四天王図鎗金絵扉,0
木造大内義弘坐像,0
木造三重小塔,0
木造大内持盛坐像,0
木造大内盛見坐像,0
木造薬師如来坐像(山口県山口市),0
源久寺宝篋印塔,0
木造阿弥陀如来座像,0
清水寺山王社本殿・観音堂,0
梵鐘【大内義隆寄進】,0
木造大日如来坐像(山口県山口市),0
太刀銘□友(伝助友)附 衛府太刀拵,0
木造十一面観音立像,0
鰐口【大内義隆寄進】,0
秋穂正八幡宮鐘楼,0
瑠璃光寺五重塔【香山公園】,0
石城山県立自然公園,0
西中国山地国定公園,0
北長門海岸国定公園,0
瀬戸内海国立公園,0
両足寺,0
木戸神社・木戸公園,0
花尾八幡宮[ガラス絵 泰西風景図・長崎港図],0
法光寺【阿弥陀堂の仏像】,0
築山跡【大内氏遺跡】,0
大内氏館跡【大内氏遺跡】,0
雲谷庵跡,0
六軒茶屋跡【萩往還】,0
山口外郎作業場見学&蒸し立て試食,0
金光酒造蔵元見学,0
小林和作画伯・浜村秀雄〈ボストンマラソン優勝者〉展示室,0
鋳銭司郷土館 大村益次郎文書展示,0
山口御屋形跡、旧山口藩庁門,0
妙見社の大イチョウ,0
棯畑のノハナショウブ自生地,0
徳佐八幡宮しだれ桜,0
龍福寺_もみじ・いちょう,0
龍蔵寺_ぼたん,0
井関川,0
南若川,0
朝日山(山口県山口市),0
狗留孫山(山口県山口市),0
木戸山,0
古地図を片手にまちを歩こう(小郡編)山陽道と石州街道の交わる宿場町の歴史,0
大内御膳,0
本多屋 山口外郎手作り体験,0
御堀堂 外郎の歴史を五感で体感,0
洞春寺 住職による案内ツアー・座禅体験,0
龍蔵寺で修行体験,0
古地図を片手にまちを歩こう(阿東編)田園ウォーク,0
古地図を片手にまちを歩こう(山口編),0
重源の郷の民芸細工体験,0
桧皮葺体験,0
古地図を片手にまちを歩こう(鋳銭司編)大村家の足跡,0
長門峡ガイドウォーキングツアー,0
山口市菜香亭の着物体験,0
新山口駅北口観光案内所,0
新山口駅南口観光案内所,0
宇部蒲鉾,0
粟屋商店,0
宇部車海老養殖場,0
日枝玉峯堂,0
弘雲堂,0
楠製硯,0
タイムズカーレンタル 宇部空港カウンター,0
タイムズカーレンタル 宇部店,0
西日本レンタカー,0
トヨタレンタリース山口 宇部店,0
ニッポンレンタカー 宇部空港前店,0
日産レンタカー 宇部店,0
ニッポンレンタカー 宇部空港カウンター店,0
トヨタレンタリース山口 宇部浜町店,0
くすのき温泉 楠こもれびの郷,0
白土海水浴場,0
キワ・ラ・ビーチ,0
ときわ公園 周遊園路,0
ときわ少年キャンプ場,0
アクトビレッジおのキャンプ場,0
宇部市楠テニスコート,0
宇部市楠体育広場,0
宇部市恩田運動公園水泳プール,0
宇部マテ_フレッセラ_テニスコート(中央公園テニスコート),0
宇部市恩田運動公園補助競技場,0
宇部市東部体育広場,0
宇部市黒石体育広場,0
宇部市西部体育館,0
宇部市中央公園弓道場,0
ユーピーアールスタジアム(宇部市野球場),0
光の街UBE2022,0
ときわ公園 花いっぱい運動記念ガーデン,0
木造十一面観音菩薩立像(山口県宇部市),0
木造地蔵菩薩坐像(山口県宇部市),0
法泉寺厨子,0
今富ダム公園,0
真締川公園,0
廣福寺(山口県宇部市),0
浄名寺(山口県宇部市),0
藤河内茶園【小野茶の茶畑】,0
ときわミュージアム【世界を旅する植物館】,0
学びの森くすのき,0
教善寺のさざんか,0
ときわミュージアム世界を旅する植物館 ヒスイカズラ,0
ときわ公園_キンセンカ・スノーボール,0
今富ダム公園_さくら,0
宇部護国神社_さくら,0
小野湖(山口県宇部市),0
宇部・美祢・山陽小野田産業観光バスツアー~大人の社会派ツアー~,0
ときわ動物園 リスザル アドベンチャー ラフティング,0
ときわ動物園園長 ドクター宮下の動物園ガイド,0
ときわ動物園 Into the Wao[イントゥー ザ ワオ],0
古地図を片手にまちを歩こう(上宇部編)神仏に護られていた宇部発祥の地,0
ときわ動物園 体験学習館モンスタ,0
和田水産,0
金田蒲鉾店,0
(有)久保田蒲鉾店,0
(有)むらた屋,0
(有)フジナカ,0
吉野水産株式会社,0
(有)橋本水産,0
デリカート株式会社,0
熊本商店,0
福徳海苔株式会社,0
ヤマスイ食品株式会社,0
株式会社玉林商店,0
株式会社阿川靖商店,0
(有)橋本商店,0
(有)田黒商店,0
山口県水産加工業連合会,0
前田海産株式会社,0
株式会社ほんぽ,0
三金彦島興産株式会社,0
はねうお食品株式会社,0
南西水産株式会社,0
(有)岡村製硯所,0
玉弘堂,0
関門海峡遊覧クルージング,0
タクシーで行く!下関観光コース,0
タイムズカーレンタル 新下関駅前店,0
オリックスレンタカー 新下関店,0
(有)下関レンタカー エル観光バス,0
下関中央レンタカー,0
有限会社観光レンタカー下関,0
タイムズカーレンタル 下関駅前店,0
ニッポンレンタカー 新下関駅前店,0
日産レンタカー 新下関駅前店,0
トヨタレンタリース山口 新下関駅前店,0
下関温泉,0
王司温泉(清龍館),0
西ノ市温泉 蛍の湯,0
和楽の湯 下関せいりゅう,0
道の駅「北浦街道 豊北」,0
大河内温泉 いのゆ,0
日野温泉 いこいの家,0
天然ラドン温泉 晋作の湯,0
サングリーン菊川,0
黒井漁協観光つり掘,0
東長野りんご栽培農園,0
東長野りんご栽培農家,0
豊田農業公園みのりの丘_なし・いちご,0
小串うしろはま海水浴場,0
霊鷲山ハイキングコース,0
角島大浜キャンプ場,0
夢ヶ丘公園野球場,0
ホテル西長門リゾートテニスコート,0
豊北総合運動公園,0
下関市立旧滝部小グランド,0
下関市豊北町田耕市民グランド,0
豊北勤労者体育センター,0
下関市豊北町中央公民館,0
豊田農村勤労福祉センター,0
下関市豊田生涯学習センター,0
下関市豊田武道館,0
夢ケ丘公園プール,0
夢ケ丘公園テニスコート,0
豊浦勤労者体育センター,0
下関市豊北総合運動公園野球場,0
菊川運動公園(山口県下関市),0
下関市菊川武道館,0
下関第二球場,0
オーヴィジョンスタジアム下関,0
下関市川中武道館,0
下関市長府武道館,0
下関市小月武道館,0
下関市彦島武道館,0
下関市武道館,0
下関市弓道場,0
下関市障害者スポーツセンター,0
下関市勤労福祉会館,0
川中東部公園,0
下関市彦島運動場,0
金比羅公園(山口県下関市),0
長府運動場,0
秋根記念公園,0
下関運動公園内広場,0
下関市市民プール,0
下関市営下関庭球場,0
株式会社海耕舎,0
菊舎尼の句碑【徳応寺】,0
引地君の墓,0
桜山神社【招魂社】,0
海翁寺の楚鐘,0
江田家古文書,0
住吉神社楚鐘,0
日幡神社銅造如意輪観音菩薩跪坐像懸仏,0
厳島神社棟札,0
厳島神社神像及び仏像,0
栄長院君墓地,0
日幡神社・銅造阿弥陀如来坐像懸仏,0
舜青寺木造阿弥陀如来立像,0
宇内薬師堂と鰐口,0
木造愛染明王座像,0
修善寺木造聖観世音菩薩立像,0
修善寺木造不動明王立像,0
光明寺木造阿弥陀如来立像,0
宇内薬師堂木造薬師如来坐像,0
東福寺木造阿弥陀如来坐像,0
紙本着色釈迦涅槃八相図,0
若宮八幡宮と宝篋印塔,0
豊田種長追善供養板碑,0
木造薬師如来坐像(山口県下関市),0
木造千手観音菩薩立像second,0
阿弥陀如来坐像(山口県下関市),0
木造虚空蔵菩薩坐像,0
功山寺韋駄天立像,0
功山寺千手観音菩薩坐像,0
功山寺二十八部衆立像,0
木造十一面千手観音立像,0
引接寺三門,0
妙音寺無縫塔,0
吉岡家長屋,0
旧長府毛利家遺品,0
笑山寺十三重石塔,0
高林寺山門,0
小野一里塚,0
打刀銘【長州住顕国】,0
太刀銘【備州住正廣】,0
功山寺書院,0
功山寺輪蔵,0
功山寺旧境内地附伝大内義長の墓,0
白石家文書,0
銅製鰐口,0
木造十一面観音座像,0
木造聖観音菩薩立像(山口県下関市),0
木造地蔵菩薩半跏像,0
金胴牡丹唐草透唐鞍,0
銅鐘(山口県下関市),0
刀無銘【伝則宗】,0
太刀銘備州長船盛光,0
能面 面箱,0
安養寺宝篋印塔,0
能面・狂言面,0
夢崎波の公園,0
豊田湖畔公園,0
長門國一宮住吉神社,0
妙法寺(山口県下関市),0
狗留孫山修禅寺,0
附野薬師東山寺,0
安養寺【木造阿弥陀如来坐像】,0
快友寺【明版一切経】,0
引接寺(山口県下関市),0
国分寺(山口県下関市),0
七卿潜居の間,0
川棚の杜建築探訪,0
下関市立歴史博物館,0
下関市烏山民俗資料館,0
重要文化財旧下関英国領事館,0
川棚の杜コルトーホール,0
小串エヒメアヤメ自生南限地帯,0
覚苑寺_もみじ,0
功山寺_もみじ,0
川棚川,0
綾羅木川,0
舟郡ダム【青龍湖】,0
豊田湖,0
竜王山second,0
霊鷲山,0
古地図を片手にまちを歩こう(小串編)ある日忽然と現れた砂嘴と入海の痕跡を探してブラ散策,0
古地図を片手にまちをあるこう(赤間関編)北前船が寄港して繁栄し、近代建築の街並みが今も残る商業都市,0
古地図を片手にまちを歩こう(川棚編)殿様が愛した湯の町 川棚,0
赤間関街道・北浦道筋[川棚地区]ガイドウォーク,0
古地図を片手にまちを歩こう(城下町長府編),0
川棚の杜でみんなで歌おう,0
観光情報発信ターミナル,0
旧秋田商会ビル 観光案内所,0
関門汽船株式会社,0
サンデン交通株式会社,0
