出雲大社,3218
松江城,1746
いちごの森 あおやま,19
LPCベジタリアファーム,3
玉造温泉,1213
アグリみと,25
稲佐の浜,512
石見銀山世界遺産センター,259
小泉八雲記念館(島根県松江市),310
美保神社,370
ぐるっと松江 堀川めぐり,1123
八重垣神社(島根県松江市),849
諏訪神社,217
善光寺(島根県松江市),201
出雲日御碕灯台,600
温泉津温泉,240
出雲大社御本殿,374
春日山,171
8farm,6
宍道湖夕日スポット,724
一般社団法人出雲観光協会,35
旧大社駅,336
玉造国際ホテル(長楽園グループ),64
島根県立しまね海洋館(アクアス),661
日御碕神社,387
太皷谷稲成神社,283
津和野城址,156
月山富田城跡,61
ローソク島,71
乙女峠,99
道の駅 ゆうひパーク三隅,47
あかり農園,2
玉作湯神社,362
龍源寺間歩,284
石橋農園,7
道の駅 大社ご縁広場,47
石見銀山遺跡,595
カラコロ工房,197
松江フォーゲルパーク,646
武家屋敷(島根県松江市),185
道の駅 キララ多伎,446
隠岐観光株式会社,12
道の駅 ゆうひパーク浜田,183
乙女峠マリア聖堂,55
高瀬川,55
美又温泉,104
四季荘,7
松江しんじ湖温泉,201
賣布神社,32
福浦トンネル,32
出雲市,352
奥出雲おろちループ,67
須佐神社(島根県出雲市),317
ぐるっと松江レイクライン,258
石見畳ヶ浦,92
七尾城跡(島根県益田市),27
加賀潜戸観光遊覧船,34
光明寺(島根県雲南市),41
岩屋寺(島根県松江市),38
足立美術館,1975
安楽寺(島根県大田市),19
ご縁陶芸Jamgarden,10
清水谷製錬所跡,35
道の駅 瑞穂,15
いちごの大森ファーム,5
観光センターいずも,46
大森の町並み,75
李白酒造,17
出雲大社界隈,229
宍道湖観光遊覧船,81
あかつきファーム今在家,7
道の駅 たたらば壱番地,25
熊野大社(島根県松江市),172
津和野町本町通り,165
田部美術館,24
延命水(島根県奥出雲町),42
菅原天満宮,29
出雲大社レンタルKIMONO「ご縁スタイル」,9
松江城山公園の桜,18
鬼の舌震,96
奥出雲たたらと刀剣館,42
道の駅 匹見峡,15
大山隠岐国立公園 三瓶山,138
正法寺(島根県浜田市),18
いちご農園こころ,3
万九千神社,20
麦風工房,30
しっとりつるつる北山温泉,25
鯉の米屋,23
津和野町アジサイロード,44
湯薬師,8
玉造温泉ゆ〜ゆ,84
来待ストーン,17
島根県立美術館,281
松江神社,30
出雲玉作資料館,9
広瀬絣センター,8
道の駅 あらエッサ,21
木次線トロッコ列車「奥出雲おろち号」,45
奥出雲 美肌温泉郷 亀嵩温泉 玉峰山荘,62
日御碕,96
湯之助の宿 長楽園,4
高津柿本神社,11
清巌寺(島根県松江市),16
津和野カトリック教会,89
むいかいち温泉 ゆ・ら・ら,19
島根県立古代出雲歴史博物館,408
県立万葉公園,8
温泉津海岸,21
曲水の庭ホテル玉泉,4
一畑薬師,70
出雲弥生の森博物館,12
国民宿舎 さんべ荘,6
湯野神社,3
仁摩サンドミュージアム,335
神魂神社本殿,35
三隅公園のつつじ,36
佐太神社,33
赤尾展望所,28
道の駅 掛合の里,21
日本庭園 由志園,289
空と小さな屋根の農園,0
菅谷高殿,6
須我神社,31
玉造温泉 松乃湯,5
安来節屋,6
日本三大美肌の湯 斐乃上温泉 斐乃上荘,32
琴ヶ浜,86
後鳥羽院資料館,13
恐羅漢山(島根県益田市),7
志都岩屋神社,5
出雲空港カントリー倶楽部,2
安来市立歴史資料館,9
鉄の歴史博物館,6
興雲閣,5
殿町掘割,135
龍雲寺(島根県浜田市),25
島前,13
多陀寺,7
萬福寺雪舟庭園,5
隠岐国賀海岸,108
福光石採石場,8
JR松江駅,23
一畑電車 松江しんじ湖温泉駅,13
道の駅 津和野温泉なごみの里,26
殿町通り_しょうぶ,10
安来市観光交流プラザ「アラエッサ♪YASUGI」,32
日御碕ビジターセンター,11
医光寺,7
美濃地屋敷,7
萬福寺(島根県益田市),6
揖夜神社,20
隠岐温泉GOKA,30
八雲立つ風土記の丘,19
日御碕海岸,22
甘南備寺,4
湯町窯,14
有福温泉,100
一畑電車 出雲大社前駅,21
神蹟黄泉比良坂石碑,28
出雲大社宝物殿,18
島根県立三瓶自然館サヒメル,40
道の駅 おろちの里,11
お湯かけ地蔵足湯(一畑電車松江しんじ湖温泉駅),25
松江国際観光案内所,17
道の駅 さくらの里きすき,10
神魂神社(大庭の大宮),68
加田の湯,13
「あとりえgtp」 松江ごころ,24
海洋スポーツセンター,5
松江ニューアーバンホテル 本館・別館,23
雲州人力社中,4
kissa&coさかねや,21
えんどう農園,1
出雲神々 縁結びの宿 紺家,0
浜田市世界こども美術館,22
金谷城山桜,3
波子海水浴場,0
道の駅 キララ多岐,8
玉造温泉旅館協同組合,4
千手院,1
津和野城跡,1
麓耕つつじの里,1
きんた農園ベリーネ,6
大万木山(広島県庄原市),2
袖師焼窯元,5
中国自然歩道赤浦海岸コース,1
永太院_さくら,3
酒谷のオロチカツラ,3
花の谷のサクラ,3
ふるさとおおち伝承館,3
ひだまりパークみと,2
川本金比羅公園,2
中国自然歩道鰐淵寺コース,2
波根海水浴場,5
上塩冶築山古墳,5
高瀬城祉,4
神々の国しまね パワースポットバス,2
ケイ・アート,2
龍雲寺公園,2
大麻山(島根県浜田市),2
夢の音村 『森の公民館』,2
深篠川キャンプ場,2
山本の白枝垂桜,2
クラシック島根カントリークラブ,4
成相寺(島根県松江市),4
たたら角炉伝承館,4
勝定寺庭園,1
安野光雅美術館,36
芦谷峡やまめの里,16
物部神社,35
於保知盆地展望台,26
三隅大平桜,5
那久岬,23
温泉津やきものの里,13
珪化木,11
立久恵峡,65
お土産処安来亭,16
浜田市旭ふるさと歴史公園,12
赤ハゲ山,10
宍道湖サービスエリア(上り線),9
吉田地区,7
鷲原八幡宮流鏑馬馬場,7
禅定寺(島根県雲南市),5
いも代官ミュージアム(石見銀山資料館),40
十六島鼻,15
八雲立つ風土記の丘展示学習館,15
神門寺,11
十間川,10
道の駅本庄,8
鷲原八幡宮,4
道の駅 サンエイト美都,4
道の駅 酒蔵奥出雲交流館,3
観音寺,1
旧潮駅の桜のトンネル,1
倉田カフェ,1
斐乃上温泉 かたくりの里 民宿たなべ(日帰り温泉),1
寿福寺(島根県雲南市),12
平田一式飾り,4
八雲山,3
広瀬絣藍染工房,5
出雲縁,2
石見ワイナリーホテル美郷,0
えすこ 出雲大社前店,5
松江着物レンタル 堀川小町 玉造店,3
雲舟窯,1
カラコロ手づくりのお店,1
温泉津やきもの館,10
鞆の銀蔵,2
マリンタラソ出雲,30
永幸丸 海遊び,0
頓原天然炭酸温泉 ラムネ銀泉,24
千原温泉,18
北島國造館,10
白島展望台,43
木村農園 牧ケ野いちごハウス,0
手引ヶ浦台場公園,4
堀尾吉晴の墓,4
公益財団法人 可部屋集成館,2
大東町春殖地区赤川沿いの河津桜,1
うさぎ森林公園(夢の森うさぎ),2
八雲ふるさと館,2
高島(島根県益田市),2
おけいこサロン haru-nire_daisy,3
タクワサイクル,3
ガラス工房 Izumo,6
福間館,0
川上牧場,0
千丈渓,2
出雲湯村温泉,14
津和野赤瓦の風景,11
国賀めぐり遊覧船,22
奉納山公園,8
覚皇山永明寺,10
津和野町日本遺産センター Tsuwano-cho Japan Heritage center,9
医光寺雪舟庭園,7
二ツ山城跡,3
龍御前神社,2
GuestSalon椿舎,0
松江着物レンタル 堀川小町 松江店,38
砂の器記念碑,16
道の駅 インフォメーションセンターかわもと,11
温泉津の町並み,31
出雲阿国の墓と於国塔,21
布部ダム,7
雪舟の郷記念館,6
道の駅 頓原,5
道の駅 グリーンロード大和,5
雪舟の墓,5
国文化財の宿 美保館,3
山王寺の棚田,2
長江寺,2
たたら鍛治工房,2
鉄の未来科学館,2
稲わら工房,1
奥出雲町のカタクリ(島根県仁多郡),25
カタクリ自生地(カタクリの里),4
くにびき大橋,10
ふれあいジム・かなぎ,1
かなぎウエスタンライディングパーク,8
ナミノコ雑貨店,0
アロマ&ハーブスクールなだ,0
むめい窯 手づくり和食器&陶芸教室,13
松江観光百貨 松江駅,1
小泉八雲旧居,99
斐伊川堤防桜並木,13
松江大橋,23
塩見繩手,45
一畑電車 川跡駅,7
山中鹿介銅像,4
津和野藩校養老館,29
水若酢神社,22
佐白温泉 長者の湯,7
津和野町_主水畑,4
報恩寺,2
佛谷寺,2
香木の森クラフト館,1
大満寺山系自然研究路,4
徳川夢声句碑,4
坂崎出羽守の墓,3
奥匹見峡,3
安蔵寺山(島根県益田市),3
浜田市三隅歴史民俗資料館,3
益田運動公園,3
スクモ塚古墳,3
六日市野外趣味活動施設(スポーツ公園),2
平栃の滝森林公園,2
青山窯,2
中国自然歩道地倉沼モデルコース,2
大魚渓,2
大神ヶ嶽,2
広見山,2
半四郎山縦走,2
ふれあいホールみと,2
大久保広兼石州和紙資料館,2
みと自然の森,2
秦佐八郎像,2
大麻山神社,2
三隅城跡,2
浜田市旭歴史民俗資料館,2
浜田市金城歴史民俗資料館,2
島村抱月生誕地顕彰の杜公園,2
邑南町郷土館,2
浅利海水浴場,2
小川家雪舟庭園,2
七尾公園,2
烈女お初の碑,2
馬島,2
亀井家墓所,5
森鴎外詩碑,5
永明寺・寺宝館,4
中国自然歩道浜田海岸コース,4
中国自然歩道南谷青野山モデルコース,3
今福スポーツ広場,3
島村抱月文学碑公園(抱月ふるさと公園),3
永久鉱山遺跡,3
島の星山椿の里公園,3
鵜の鼻古墳群,3
鑪崎,3
鎌手海岸,3
浜田市浜田郷土資料館,3
中国自然歩道大麻山コース,3
海の見える文化公園,3
石見国分寺跡,3
周布古墳,3
エクス和紙の館,2
川本運動公園,2
因原公園,2
道策の碑,2
原石鼎句碑(一の谷公園内),1
風の子楽習館,22
いづも大社カントリークラブ,5
真幸ケ丘公園,4
成覚寺,3
ふれあい交流館(島根県大田市),19
上塩冶地蔵山古墳,5
スサノオ館,4
日倉城跡,4
本宮神社の大杉,4
伊秩やすらぎの森・水辺,3
斐川なぎさ公園,3
原鹿の旧豪農屋敷,3
堀江家住宅(島根県雲南市),3
松本古墳群,3
加茂中央公園ふれあいの丘,3
鯛ノ巣山,3
マッドランプ,3
井戸神社,3
ハマナス自生西限地,3
田儀櫻井家たたら製鉄遺跡,3
長浜海岸(島根県出雲市),3
紫白庭,2
原石鼎句碑(大社町日御碕),2
湖陵総合公園,2
田儀川河川公園,2
中国自然歩道湯の川峯寺コース,2
岩野薬師,2
下来島のボダイ樹,2
衣掛山,2
飯南町生涯学習センター,2
飯南町民俗資料館,2
佐田地区レンタサイクル,2
宝塚古墳,2
鳶ヶ巣城跡,2
王院山,2
鳶ヶ巣山,2
しまねまちなび,2
東出雲おちらと村,6
山佐ダムキャンプ場,3
長台寺,5
中国牡丹園,5
玉造温泉カントリークラブ,5
加茂中央公園スポーツの丘,4
天倫寺,4
菅田菴,4
佐世の森のシイ,3
羽内谷鉱山鉄穴流し本場,3
大根島本陣,3
来待温泉,3
山佐ダム体験交流施設やまびこ,3
岩舟古墳(島根県安来市),3
毘売塚古墳,3
村上家隠岐しゃくなげ園,7
聖観音菩薩立像,3
ますだこうさんファーム,5
赤来高原観光りんご、ブルーベリー園,10
峯寺遊山荘,4
津和野体験Yuーna,0
千千香,16
お花と雑貨 サザンクロス,2
琴ヶ浜の鳴り砂,19
伯太のチューリップ,22
大根島ぼたん芍薬園,33
出雲文化伝承館,23
大社観光案内所 神門通りおもてなしステーション ,20
津和野温泉,33
三瓶温泉,20
断魚渓,11
壇鏡の滝,70
日本三美人の湯 湯の川温泉,38
キララビーチ,32
いわみ温泉 霧の湯,20
香木の森公園,16
一の谷公園の桜,5
八重滝,12
鰐淵寺のモミジ,7
夢ランドしらさぎ,7
三瓶山自然林,7
みろく公園しだれ桜,5
妙用寺の桜,4
ニッポンレンタカー 出雲空港前店,4
香木の森ハーブガーデン,3
斐川公園,3
木次健康の森,3
石見海浜公園海水浴場,62
さぎの湯温泉,33
外浜海水浴場,24
北浦海水浴場,19
手引ケ丘公園,18
赤ハゲ山展望台,12
城上神社,12
カヌーの里おおち,10
中村海水浴場,10
森鴎外墓所,10
加茂岩倉遺跡,9
月照寺のアジサイ,8
石見海浜公園,7
福浦海水浴場,7
光明神々温泉(琴引ビレッジ山荘),7
乗光寺庭園,7
美保関町観光案内所,7
やすぎ観光みかん園,6
野間観光栗園,6
おわし浜海水浴場,6
一畑寺庭園,6
勝定寺のツツジ,6
赤壁遊覧船,5
高尻川リバーサイドログハウス村,5
永明寺庭園,5
ふるさと体験村,5
学舎のイロハモミジ,5
広瀬清水街道,5
亀の原水鳥公園,4
石見銀山街道やなしお道,4
石照庭園,4
奥出雲町グラウンド・ゴルフ場,4
重要文化財 櫻井家 日本庭園,4
船通山登山コース,4
絲原家庭園 洗心乃路,4
愛宕山公園(島根県出雲市),4
とんぼ玉工房 いちの家,3
ふれあい陶芸工房,3
深浦滝,3
耳浦キャンプ場,3
高津川(島根県津和野町),3
琴引キャンプ場,3
東三瓶フラワーバレー,3
田中ぶどう園(島根県雲南市),3
月山観光ブドウ園,3
布勢灘河下海水浴場,3
康国寺庭園,3
菰沢公園オートキャンプ場,3
菰沢公園,3
松江観光タクシー,3
国賀めぐり定期観光バス,2
観光タクシー(国賀観光コース_鏡谷タクシー),2
隠岐の国ダイビング,2
ユートピアおおち温泉,2
トヨタレンタリース島根 出雲空港店,2
猪目洞窟,5
猪目洞窟遺物包含層,2
かみくの桃源郷,1
来待湯治村「大森の湯」,7
出雲湖陵温泉,4
放れ山古墳,2
海潮温泉,4
ダイビングショップシーワーク,5
プレシャスカート,1
長谷寺(島根県雲南市),11
三刀屋天満宮,7
カヌーの里おおち オートキャンプ場,2
シャクナゲパーク花の谷,4
三隅梅林公園,3
松江イングリッシュガーデン,67
島根県立石見海浜公園,26
津和野城跡観光リフト,17
日原天文台,16
道の駅 赤来高原,6
衣毘須神社,6
赤名峠,3
道の駅 サンピコごうつ,2
姫逃池のカキツバタ群落,1
浜原ダム湖,3
吾妻山(島根県奥出雲町),29
仙ノ山展望所,2
枕瀬山森林公園,1
蓮池,1
観光タクシー(国賀観光コース_原交通),1
高城山(島根県浜田市),1
ほたるの館(島根県邑南町),1
佐毘売山神社,13
勝源寺,6
清水寺(島根県大田市),12
中国自然歩道石見銀山街道コース,5
温泉津温泉(湯元)震湯・薬師湯,138
仙岩寺,1
多胡家老門,10
出雲平成温泉,3
大野原運動交流広場,1
瑞穂ハイランド,68
ローソク島遊覧船,67
荒神谷遺跡,42
神原神社古墳,4
島村抱月碑,2
平成スポーツ公園,2
善那先生頌徳碑,2
会津屋八右衛門頌徳碑,2
古浦海水浴場,5
瀬戸ケ島,6
岩盤浴 美癒,2
ジオリゾートシンフォニー,11
鳩庵,4
重要文化財 熊谷家住宅,24
一畑トラベルサービス,16
風の工房,4
お宿 月夜のうさぎ,0
遊漁船Aigis,0
TBーRESORT MITO,0
渡辺観光農園,10
足立ぶどう園,9
観光農園スカイファーム,7
西ノ島町観光協会(レンタサイクル),6
フォレストアドベンチャー・たたらの里,0
水の都を走る人力車「まつ笑」,0
UNDER FOREST,0
安来 清水寺,71
mog-mog farm,0
宍道サバゲーPARK DANDAN,0
持田農園,0
薬師湯,0
工房きしょう,0
ハッピーベリー農園,3
ヤオヨロズキセキ,3
海宝丸,0
遊漁船エスコート,0
FUMAI sauna,0
Nature Guide 遊び屋,2
Fun House MERRY,0
坂根屋カフェ&ビストロ あん,0
プライベートサロン さくら,1
Happty,0
MAMMA MIA IZUMO,0
セルフトータルビューティサロン Bika,26
出雲ロイヤルホテル,1
和夢,0
ココリト大根島,1
ストロベリーランド,1
かじか農園,0
奥出雲鍛冶屋モノづくり体験工房,0
西浜ファーム,2
峯寺,6
タケダ猪精肉店,0
THE HANGAR Drone Wonderland,0
山の駅さんべ,2
フォトジェニック・アドベンチャー,0
跡市ひつじ牧場,1
松江サップ&カフェ,0
羊毛フェルト&ハンドメイド★きるけ,0
大田市レジャーアイランド海賊村,0
石王観光バスツアー,0
TC浜田農場,2
京ら屋,0
八川農園,0
SLAK,2
久喜銀山ガイドの会,0
鵜鷺げんきな会,0
古民家 為田屋,0
RAINBOW WAVE,1
I.L Surf,2
出雲のホテル ホテル武志山荘,0
SURFUP 島根店,1
池田葡萄園,0
民宿なかはま,0
温泉津ヘルスツーリズム協議会,0
ジオバスツアー(隠岐旅工舎),0
Flower Poem 出雲教室,0
邑南町青少年旅行村,5
村上家資料館,3
天川の水,3
あごなし地蔵,3
資料室 はぜくら,3
田の浦海岸(島根県浜田市),3
蟠龍峡公園,3
柿本人麿の歌碑,3
猪木谷峡,3
田の浦オートキャンプ場,3
外ノ浦海岸,3
知夫村郷土資料館,2
高尾暖地性濶葉樹林,2
田之原展望台,2
カヌー博物館,2
斎藤茂吉鴨山記念館,2
鶴池山正蓮寺楼門,2
木谷石塔,2
天秤ふいごの碑,2
丸山城跡,2
温湯城跡,2
赤城跡,2
波啼寺(宅野の観音),2
石見城跡,2
坂灘遺跡,2
龍巌山のノウゼンカズラ,2
櫛島海水浴場,2
持石海岸(体験観光),2
土田海岸,2
指書の名号石,1
三瓶小豆原縄文の森公園の古代ハス,1
三隅町矢原地区・三隅町小原地区,2
二条川沿線 柏原小学校跡地前,2
国道187号線左鐙から杣の里横道方面,2
なつめの里交流館,2
大魚渓カシ群生林,2
津和野周遊バス ぐるりん号,2
千舎ノ木農園_くり,2
枕瀬山キャンプ場,2
蕪坂千人塚と追福碑,2
下瀬山城跡,2
千八尋の滝,2
裏匹見峡キャンプ場,2
秦記念館,2
若杉天然杉,2
浜田市三隅B&amp;G海洋センター (体育館),2
浜田市三隅B&G海洋センター(艇庫),2
田の浦公園,2
雲月山(島根県浜田市),2
能海寛師顕彰碑,2
島村抱月の墓(浄光寺),2
堂床山,2
温泉リゾート風の国 体験工房,2
龍頭ケ滝(現在通行止め),2
水明カントリークラブ,2
室神山(浅利富士),2
唐音の蛇岩,2
三里ケ浜海岸,2
ほたる湯館グラウンド・ゴルフ場,2
粟島公園(島根県浜田市),2
石見野文学散歩道公園,2
下府廃寺塔跡,2
浜田ゴルフリンクス,1
赤名湿地性植物群落,6
三瓶山室の内池,6
宍道湖西岸なぎさ公園,5
神名火山(仏経山),4
星上山,4
浜原ダム,3
ふれあい公園笹遊里,3
観光いも堀農園,3
釈智輪上人堂,3
明石緑が丘公園,3
海潮のカツラ,3
松代鉱山の霰石,3
大梶七兵衛の像,3
忌部自然休養村キャンプ場,3
LABEL,2
福光海岸,2
つぶて岩,2
笹子島,2
蛇池,2
宮本史跡,2
志都の里やまめの渓,2
サンワーク木次,2
前室ぶどう園,2
大石葡萄園,2
室山農園,2
三代ブドウ園,2
雲南市加茂 B&G 海洋センター ラソンテ,2
釜浦海岸,2
尼子古道,2
平田地区レンタサイクル,2
出雲ゴルフ倶楽部,2
法王寺,2
江島牡丹園,6
横綱陣幕久五郎顕彰碑,5
畑のほし柿,5
比婆山の陰陽竹,3
鷹入の滝,3
出雲金刀比羅宮,3
雲樹寺庭園,3
独松山,3
十神山・なぎさ公園,4
一般社団法人 島根おおだ健康ビューロー,0
匹見峡温泉やすらぎの湯【休業中】,5
宍道湖自然館ゴビウス,60
さんべ縄文の森ミュージアム(三瓶小豆原埋没林公園,59
五百羅漢(羅漢寺),50
道の駅 シルクウェイにちはら,32
浜田城跡,27
玉若酢命神社の八百杉,62
焼火神社,15
出雲大社神苑(素鵞川沿),27
道の駅 ロード銀山,18
どんちっち神楽時計,14
すうべにあ出雲,13
木綿街道交流館,9
鰐淵寺,37
龍頭が滝,26
六所神社(島根県松江市),26
荒神谷博物館,22
三瓶観光リフト,20
温泉津元湯 泉薬湯,18
俵屋,18
岩倉の乳房杉,15
知夫赤壁,14
おろち湯ったり館,14
御井神社,13
荒神谷史跡公園,11
出雲大社彰古館,10
レンタサイクル(海士町観光協会),9
蟠竜湖,8
萩・石見空港観光案内所,8
D-STYLE,7
広瀬温泉月山の湯「憩いの家」,7
唐音水仙公園,7
西谷墳墓群,7
一畑電車 雲州平田駅,5
田儀海水浴場,5
安来の街並み,4
高野寺(島根県大田市),3
大喜庵,3
華蔵寺(島根県松江市),3
海中展望船「あまんぼう」,33
出雲ゆうプラザ,23
西蓮寺(島根県邑南町),21
大森代官所跡,20
しまね花の郷,19
和鋼博物館,17
国賀海岸,16
美都温泉,14
鹿島多久の湯,14
八雲温泉ゆうあい熊野館,12
代官所地役人旧河島家,12
国府海水浴場,12
秋鹿なぎさ公園,11
中国自然歩道立久恵峡コース,10
由良比女神社,9
玉若酢命神社,9
堀庭園,9
津和野旅館組合(事務局_津和野町観光協会),9
大森町並み交流センター,9
長浜神社,9
出雲かんべの里,9
後鳥羽上皇行在所跡,8
大井谷棚田展望台,8
津和野町郷土館,8
ゴールデンユートピアおおち,8
後鳥羽上皇御火葬塚,7
隠岐シーサイドホテル鶴丸,7
西ノ島ふるさと館,7
黒木御所阯,7
船引運河,7
焼火山,7
三郎岩,7
屋那の松原,7
五箇創生館,7
中村のかぶら杉,7
稲田神社,7
城安寺,7
宍道湖グリーンパーク,7
多田温泉,7
普門院(島根県松江市),7
ハナユイ,0
銀の店,6
クラブノア隠岐,6
明屋海岸,6
木部谷温泉,6
桑原史成写真美術館,6
西周旧居,6
瑞穂ハンザケ自然館,6
みとや深谷温泉ふかたに荘,6
中国自然歩道鬼の舌震コース,6
大久保石見守墓,6
掛戸松島,6
竹と茶香の宿 旅館 樋口,5
西ノ島町沿岸,5
隠岐神社,5
水源会館,5
コウヤマキ自生林,5
良忠寺,5
室谷の棚田,5
ゆう・ゆう館,5
八重山神社,5
加茂岩倉遺跡ガイダンス,5
コワ温泉,5
株式会社扇原茶園,1
碧風館,4
木路ヶ埼灯台,4
隠岐郷土館,4
隠岐国分寺,4
佐々木家住宅,4
水源公園(島根県吉賀町),4
弥栄神社,4
弥栄神社のケヤキ,4
青野山,4
満行寺,4
尼緑之助句碑,4
『掛合の里』緑地公園,4
臥龍山円通寺,4
三瓶小豆原縄文の森公園,4
円城寺,4
三瓶山定めの松,4
小浜海岸(島根県益田市),4
染羽天石勝神社,4
心覚院,4
日原駅すぐ近くの高津川,3
三歳社,3
レンタサイクル(海士町),3
八雲広場,3
隠岐ジオゲートウェイ・隠岐自然館,3
コウヤマキギャラリー,3
一本杉,3
櫛島公園,3
大梶七兵衛記念碑,3
筆投島,3
朝日たたら跡,3
波多温泉満壽の湯,3
雲樹寺,3
徳川夢声の句碑,3
辻の宮公園,3
飯浦海岸,3
石州和紙会館,3
クライミングパークHOME,0
国府海岸 夕日,2
須々美海海岸,2
佐香神社(松尾神社),2
石見海浜公園マリンアスレチック海神-KAI・JIN-,2
乙見社,2
出雲井社,2
阿須伎神社,2
清水大師寺,2
知夫里島沿岸,2
鷲ヶ峰(島根県隠岐の島町),2
旧道面家住宅,2
にちはら自然商店,2
星と森の科学館,2
板橋アンティックドール美術館,2
表匹見峡,2
正蓮寺(島根県浜田市),2
鞆ケ浦,2
出雲平野の築地松,2
石宮神社,2
城下町広瀬の町並み,2
浮布池,2
駅レンタカー 出雲営業所,2
まるごう 川津店,1
広浜鉄道今福線,1
ひがん花の里,1
金言寺,1
妙義寺,1
福王寺,1
都川の棚田,1
ゆめタウン出雲,1
光八幡宮,1
浄善寺,1
西楽寺,1
江津東ウィンドファーム風力発電所,1
地福寺,1
野山嶽,1
白潟公園,1
白潟天満宮,1
出雲横田駅,1
経島,1
観世音寺,1
伊賀多気神社,1
加賀神社,1
酒持田本店,1
八雲本陣,1
旧畑迫病院,1
プリザーブドフラワー専門店 shop embellir IM,0
山郷の温泉宿 ホテル川隅,1
一般社団法人西ノ島町観光協会,1
道の駅 シルクウエイにちはら,1
巌倉寺,1
安来節演芸館,1
大社地区レンタサイクル,3
TRIP SPICE,0
八本杉,1
安楽寺庭園(島根県浜田市),3
出雲日御碕灯台資料展示室,4
目田森林公園,6
山陰道(島根県津和野町),3
花時計,21
神戸川,13
キララトゥーリマキ風力発電所,11
立久恵峡の紅葉,7
永明寺 山門入口_つわぶき,3
鷲原の大杉,3
益田川,3
高津川(体験観光_益田市),2
嘉楽園(津和野藩藩邸跡),1
鷲原公園_さくら,1
産直問屋「しおさい」,9
トカゲ岩,14
隠岐の島町沿岸,11
ローソク島展望台,8
白島海岸,8
鬼の舌震散策,1
千家尊福歌碑,6
三刀屋城(尾崎城)跡,4
三沢城跡,4
三瓶山麓コース,5
金屋子神社,4
月照寺,15
湯田山荘,14
大佐山,4
匹見ミステリーハウス,17
ふれあいプラザ,16
匹見上公民館(匹見ウッドパーク),15
本石橋邸,9
出雲民藝館,10
出雲ドーム,48
宍道湖公園 湖遊館,9
潮温泉,8
立久恵峡わかあゆの里,8
荒神谷の椿,6
今井美術館,5
今田水神大ケヤキ,5
サン・ビレッジ浜田アイススケートリンク,5
石見雲海農園,4
代海中公園,4
浄土ヶ浦ミモザキャンプ場,4
青原八幡宮,4
三刀屋川河川敷公園,35
森鴎外旧宅,28
みなり遊園地,29
石見銀山街道,17
斐伊川,9
島根鼻オートキャンプ場,7
松江市宍道ふるさと森林公園展望台,7
黒松海水浴場,7
高瀬川の町並み,7
大満寺山,6
天領江津本町甍街道,6
八俣大蛇公園,5
県立万葉公園オートキャンプ場,5
津和野川上流部栄地区(津和野ホタルバス),4
千丈渓探勝自然歩道コース,4
津和野内美_うめ,3
富田山荘,9
立久恵峡温泉,11
観光交流プラザ売店,6
旭温泉川沿い・旭町市木地区,5
旭温泉(島根県浜田市),7
レインボービーチ(島根県海士町),6
櫛島キャンプ場,6
石見安達美術館,6
雄滝・雌滝(島根県津和野町),5
布部ダム公園,5
山吹城跡,5
鼻高山,5
亀井温故館(亀井家別邸),4
みと自然の森キャンプ場,4
長安本郷の八幡宮並木杉,4
順庵原1号墳,4
雲州久邑長沢焼窯跡,4
グリーンヒルさとう,4
旭運動公園,3
浅原才市の歌碑,3
彌久賀神社,3
大寺薬師(万福寺),5
一夜嶽牛突大会,7
山佐ダム,6
多伎町 田儀川,5
中村キャンプ場,5
平田森林公園,5
雲月山,4
明屋海水浴場,4
立木林間キャンプ場,4
安蔵寺山麓ゴギの郷ログハウス村,4
満福寺(島根県雲南市),4
光明寺(馬木不動尊),4
ホタル公園(長田川源氏ボタル生息地),3
御岳ボタン園,3
オートサイクル大庭_レンタサイクル,4
中国自然歩道吾妻山登山コース,10
猿政山,7
マリンラバーズフィールド龍ぐう,6
津和野今昔館,6
中国自然歩道城山モデルコース,5
匹見中央公園,5
弘安寺,5
渡津海水浴場,4
莇ケ岳のブナ原生林,4
津和野町日原歴史民俗資料館,4
鴎外村ふる里_レンタサイクル,4
タチバナサイクル_レンタサイクル,4
あぜみち_レンタサイクル,4
精密標準時日時計,21
一の谷公園,6
金城町七条朝市 村じまん屋甚左エ門,5
神楽ショップくわの木,4
釜井商店_レンタサイクル,11
クンストホーフ津和野,8
赤川ほたる公園,7
大元神社跡の樟,6
弥栄町道猿防公園,5
沙羅の木_紙すき体験,5
永明寺_もみじ,5
三隅発電所ふれあいホール,5
山内生活伝承館,5
天狗石山,4
吉浦野営場,4
椛谷渓谷,4
島村抱月先生の碑公園,4
津和野大鳥居,14
和香房ゆあん,0
遊覧船(隠岐旅工舎),0
安来市加納美術館,6
杜塾美術館,3
有福温泉 周辺,5
壇鏡の滝湧水,5
浄土ケ浦海岸,5
玉若酢命神社古墳群,2
湖陵くにびき海岸,7
さかえ屋,7
湯谷温泉 弥山荘,7
長尾海水浴場,5
春日の浜海水浴場,4
耳浦海水浴場,3
島後,4
秋鹿神社,1
島根県立石見美術館,10
都我利神社,1
伊努神社,1
桂島海水浴場(島根県松江市),5
華蔵寺(島根県出雲市),2
津和野川,5
小倉宮教尊王の墓,1
文覚上人の墓,1
地蔵菩薩立像(島根県知夫村),1
渡津の入江,1
国賀観光めぐりチャータークルーズ,1
B&G海洋センター(クラブノア隠岐),1
海士町遊漁船,1
三穂神社,1
山口誓子句碑(島根県隠岐の島町),1
油井の水仙,1
巨木シイの木・スダジイ,3
みさき親水公園,3
安来公園,2
(株)大正屋醤油店,1
塩浜海水浴場(島根県隠岐の島町),14
折居海岸,3
ナゴラン,1
自然回帰の森,1
春日神社のクロマツ群,1
平神社古墳,1
隠岐国分尼寺跡,1
オキシャクナゲ,1
中村の世間桜,1
海苔田の鼻,1
いしはら菓子舗 本店,1
人麿遺髪塚,1
ふれあい橋,1
一般社団法人隠岐の島町観光協会,2
観光タクシー(赤ハゲ山・赤壁) ,2
森鴎外遺言碑,4
松養寺,2
あいらんどパーク,2
トウテイラン,1
天空の岬マリンパーク多古鼻,1
明屋キャンプ場,3
宇受賀命神社,3
平浜八幡宮(武内神社),4
革屋 Kuore,0
松江市宍道ふるさと森林公園,8
江津市地場産業振興センター,2
億岐家住宅・宝物館,5
長田染工場,1
出雲キルト美術館,5
匹見峡レストパーク,2
古代鉄歌謡館,1
福光海水浴場,1
小波海水浴場,8
浄土ヶ浦海中公園,1
赤穴瀬戸山城跡,2
ニッポンレンタカー 石見空港店,1
八雲風穴,10
木木館,3
八幡黒耀石店,4
美又温泉川沿い,3
かっぱ公園,3
よろい岩,2
野ダイコン群生地,2
津和野民俗資料館,3
アクアみすみ,2
石正美術館,5
三瓶山北の原キャンプ場,3
三隅神社,2
三隅公園,1
三隅中央公園,1
島根県立浜山公園,8
旅伏山,3
裏匹見峡,12
金城カントリークラブ,3
八朔牛突大会,2
双川峡養戸の滝,2
観音滝(断魚渓観音滝県立自然公園),2
平田本陣記念館,3
金城町波佐川,2
浜守の藻塩工場,2
奥出雲町サイクリングターミナル,3
阿太加夜神社,3
中国自然歩道峯寺コース,2
マリンスポーツ D-style,1
久手海水浴場,2
湯抱温泉,3
出雲科学館,6
今市大念寺古墳,3
池田ラジウム鉱泉,3
金光寺山,3
駅レンタカー 松江営業所,1
風呂屋海水浴場,2
吾妻山キャンプ場(島根県奥出雲町),1
松江市宍道ふるさと森林公園キャンプ場,2
持石海岸海水浴場,6
大谷温泉 かじか荘,3
高梨大橋,2
島の星山(高角山),3
いーさらアトリエ,0
浜田の海で生活する会 マリンアクティビティ,0
隠岐の島町観光協会,1
高津川(益田市),1
陶工房びあんこ,0
多鳩神社,3
奥出雲 やまなみ ファーム,0
はたご小田温泉,2
中国自然歩道八重滝コース,2
玉峰山,2
湯迫温泉,2
湯屋温泉(島根県浜田市),1
荒磯温泉,1
船通山(島根県奥出雲町),13
円成寺(島根県松江市),15
蓮花寺(島根県雲南市),4
縁の宿 幸楽,0
諏訪神社参道杉並木,1
トヨタレンタリース島根 松江駅南店,2
島根ゴルフ倶楽部宍道湖コース,2
十神山,2
温泉津ふれあい館,3
尼子経久の墓,1
広瀬町 新宮谷,1
尼子晴久の墓,1
吉田グリーンシャワーの森,3
杣の里 よこみち ,0
久喜銀山遺跡,1
ホットランド やくも,1
安蔵寺山,1
柳青ブルーベリー庭,1
ゆとりろ津和野 日帰り入浴,0
ワンにゃんべぇハウス大江屋,0
さんさん牧場,3
「西川沢妙日本舞踊教室」&「こどもをどり塾」,1
ホワイエ ピッコリーノ,0
天野紺屋,3
glass house pase',1
SUPSHOP海楽松江,3
金城オートバイ神社,0
ひきみ森の器工芸組合,0
遊漁船・島宿・優心,0
Zap glass studio,0
米田酒造株式会社,10
HANABUMON,4
山陰 義孝丸,0
和紙のはくぶつかん 安部榮四郎記念館,4
やさか村ワタブンアートファブリック,4
石見鴨山窯,0
レンタル着物 寿きもの散歩,0
青山かまぼこ店,4
石州宮内窯,0
いまみや工房,33
なめちゃんち,0
眞知子農園,0
大社湾クルージング〜出雲神秘の絶景〜,0
野津めのう店,4
乙女子海岸,0
亀谷窯業,1
ダイビングステーションAQUA工房,2
アロマテラピー 沙羅,0
海士ダイビングサービス,6
LOCOBLUE,0
風の丘公園,0
浜田の海で生活する会,0
ねがい雛ミュージアム IZUMONO-en,0
リセラフォレスト,0
えんや温泉,0
森鴎外記念館,115
ランボローメイズ匹見 ミステリーハウス,19
津和野ブルーベリーファーム,0
Flower Poem,0
手錢美術館,7
浜田市 遊漁船 第一陸前丸,0
メテオプラザ,0
大社観光ぶどう園,25
あそびばHappiSence,0
ホテル一畑,0
出雲須佐温泉 ゆかり館,10
吉田ふるさと村,0
鷺浦渡船小国屋,0
ボルダリングジム Kclimb,0
クライミングジム M-wall,0
クライミングスタジオ ボルダベース,0
だんだん工房,0
陶風舎,0
幕島丸,0
遊漁船 壽丸,0
新留渡船,0
えんや呉服店,0
快活CLUB 出雲店,0
快活CLUB 松江店,0
方円窯,0
大社海中公園センター,0
フレンズしまね,0
雲州そろばん伝統産業会館,7
M.Kホースパーク,0
あまマーレ,0
神西湖(遊覧屋形船),0
そろばんと工芸の館 雲州そろばん協業組合,0
松江かげやま,0
雲善窯,0
津和野公民館,0
公益財団法人 絲原記念館,5
奥出雲多根自然博物館,25
八幡焼窯元,0
三瓶こもれびの広場木工館,2
海峡,0
NPO法人隠岐しぜんむら,0
夜の隠岐神社まいり,0
工房 陶夢,0
喜多屋,0
龍岩神社,0
アンティック 津和野,0
高砂酒蔵資料館,0
小さな店,0
E-BIKE(電動アシスト自転車),0
デマンドタクシー(赤ハゲ山・赤壁),0
河井の湧水,0
天佐志比古命(一宮)神社,0
白壁,0
島津島 遊歩道,0
赤壁,0
浅島,0
My知夫七味体験,0
シルクスクリーン(オリジナルTシャツ製作),0
貝殻オブジェ製作体験,0
知夫里島サザエつかみ取り,0
知夫里島観光協会,0
三渡八幡宮,0
大ミズナラ,0
大仲屋醤油,0
駅レンタカー 津和野営業所,0
鴎外村ふる里,0
嘉楽園_さくら,0
津和野町日本遺産センター,0
乙女峠マリア聖堂_さくら,0
殿町・森村河川敷歩道周辺_さくら,0
堀庭園_もみじ,0
天神山_つつじ,0
津和野城跡から見る朝霧,0
地倉沼,0
つわの食材を使った『季節の瓶詰め』づくり,0
茶畑一望「お茶テラス」で愉しむ煎茶体験,0
「青野山ライド」電動自転車に乗って自然と一体化する津和野アドベンチャーツアー,0
早朝トレッキング&つわの朝ごはん in 津和野城跡,0
津和野町観光協会,0
津和野町日本遺産センター観光案内所,0
はすみ交流センター,0
自然回帰高原,0
イズモコバイモ,0
大土地神楽,0
飯南レンタサイクル,0
道の駅 とんばら,0
飯南町ふるさとの森 キャンプ場,0
赤穴八幡宮,0
女亀山,0
大万木山(島根県飯南町),0
琴引山,0
雲見の滝,0
来次神社,0
天が淵,0
神楽の宿,0
横田蔵市,0
仁多ショッピングセンターサンクス,0
あいタクシー(島根県奥出雲町),0
たたらタクシー,0
簸上タクシー,0
卜蔵庭園,0
ダムの見える牧場 牧場探検とバター作り,0
トロッコ列車×町内観光×お買い物 奥出雲よくばりバスツアー,0
舞茸奥出雲見学,0
醤油つくり体験,0
そろばん作り体験,0
豆腐作り体験,0
そば打ち体験,0
剣術演武見学,0
日本刀鍛錬実演公開,0
奥出雲町観光協会,0
横田郷土資料館,0
玉峰山森林公園林間キャンプ場,0
比婆山久米神社,0
富田八幡宮,0
縄久利神社,0
江津駅前レンタサイクル,0
VOGA Watch Museum&Cafe,0
十神山なぎさ公園キャンプ場,0
能義神社,0
造山第3号墳,0
塩津山墳墓群,0
古代出雲王陵の丘,0
仲仙寺古墳群,0
比婆山,0
国立三瓶青少年交流の家,0
温泉津観光案内所,0
石見銀山大森観光案内所,0
駅レンタカー 益田営業所,0
トヨタレンタリース島根 石見空港店,0
トヨタレンタリース島根 益田駅北店,0
三宅御土居跡,0
古地図を片手にまちを歩こう(益田編)中世の城下町と幕長戦争の舞台,0
トヨタレンタリース島根 出雲駅南店,0
トヨタレンタリース島根 浜田駅北口店,0
三隅公園の梅林,0
日産レンタカー 松江駅前店,0
ニッポンレンタカー 松江駅前店,0
