仁淀川アウトドアセンター,312
仁淀川カヌー,345
高知ぽかぽか温泉,2
仁淀川(高知県土佐市、いの町、仁淀川町、越知町、日高村、高知市),466
ひろめ市場,3393
高知城,1470
桂浜,2041
日曜市(高知県高知市),1104
足摺岬展望台,501
RioBRAVO!,699
Niyodo Adventure,27
四万十川,776
仁淀川SUP★UP,62
龍河洞,344
坂本龍馬の銅像,915
土本観光果樹園,12
佐田の沈下橋,428
高知県立坂本龍馬記念館,270
室戸岬,421
Divers Cafe&Bar 7me,76
四万十川でSUPとカヌーのガイドツアー!withRIVER(ウィズリバー),39
道の駅 あぐり窪川,393
四万十・川の駅 カヌー館,53
フォレストアドベンチャー・高知,8
グッドリバー四万十,8
はりまや橋,1244
竜串海岸,251
道の駅 大月,26
有機高揚,81
金剛福寺(高知県土佐清水市),156
内原野陶芸館,1
水遊び!ガルバンゾ (株)リバーランプラス,45
道の駅土佐さめうら,16
岩崎彌太郎生家,137
道の駅 なぶら土佐佐賀,80
室戸ドルフィンセンター,152
高知県立牧野植物園,398
白山洞門,232
高知観光情報発信館とさてらす,229
柏島,239
久礼大正町市場,253
北川村「モネの庭」マルモッタン,233
福井タクシー,4
四国カルスト(高知県檮原町),152
竜串グラスボート,89
足摺海洋館,61
柏島ダイビングサービス Smiley Dive,192
特定非営利活動法人黒潮実感センター,8
四国吉野川 You MeRafting,205
にこ淵,12
天然の湯 ながおか温泉,22
屋形船仁淀川,21
種間寺,25
むろと廃校水族館,32
道の駅 キラメッセ室戸,131
足摺海底館,189
宿毛歴史館,14
安芸駅ぢばさん市場,123
一般社団法人須崎市観光協会,0
LOBO RAFTER (ロボラフター),25
屋形舟さこや,36
スノーピークかわの駅おち,7
安居渓谷,39
海来,1
高知空港(高知龍馬空港),7
道の駅 大杉,95
NIYO FLY(ニヨフラ),12
禅師峰寺,25
室戸世界ユネスコジオパーク,61
竹林寺(高知県高知市),229
室戸岬乱礁遊歩道,70
西島園芸団地,271
中岡慎太郎像,117
ふれあいの里なめかわ,2
道の駅 すくも,20
わんぱーくこうち,378
伊尾木洞,40
アンパンマンミュージアム,740
創造広場「アクトランド」,5
郷麓温泉,5
桂浜水族館,427
JR四国 高知駅,7
高知市立龍馬の生まれたまち記念館,175
高知県立のいち動物公園,106
スノーピークおち仁淀川キャンプフィールド,17
寒風山(高知県いの町),220
琴ケ浜,3
高知城下の天然温泉三翠園,8
ハッピーラフト,156
野良時計,111
スカイライン山頂展望台,71
ラッキーラフト,34
高知県立高知城歴史博物館,88
国分寺(高知県南国市),36
延光寺,18
馬路森林鉄道とインクライン,5
日本サンゴセンター 宝石珊瑚資料館「35の杜」,22
最御崎寺(東寺),94
青龍寺,33
山のめぐみ舎cafe&workshop,2
中津渓谷,54
雲の上の図書館(梼原町立図書館),4
しいな遊海くらぶ,2
屋台船四万十の碧,49
柏島ダイビングサービス SEAZOO,2
土佐の高知のくだもの畑,6
いの町紙の博物館,39
足摺岬自然遊歩道,78
ジョン万次郎資料館,40
岩本寺,102
道の駅 めじかの里土佐清水,11
坂本龍馬誕生の地,88
高知公園,82
高知SUP同好会,8
仁淀ブルーツアー株式会社,0
そうだ山温泉 和 yawaragi,39
仁淀ブルー観光協議会,1
雪蹊寺,84
ジョン万次郎銅像,66
道の駅 かわうその里すさき,150
柏島ダイビングサービス パラディ,4
土佐のきごころ,0
馬路温泉,126
NOZU ADVENTURE TOURISM,9
高知 sup&surf,6
シーエアー柏島,6
酔鯨酒造 土佐蔵,2
いの町観光協会,7
御厨人窟と神明窟,69
宇佐ホエールウォッチング,32
中津渓谷ゆの森,28
高知競馬場,14
佐川ナウマンカルスト,2
竜ヶ浜キャンプ場,6
延寿亭,4
梶ヶ森,6
わらじ屋,4
奥大田渓谷,3
大堂海岸,15
轟公園,3
今ノ山,2
天然の湯 吾北むささび温泉,3
奥物部ふるさと物産館,3
リバーサップそらみる四万十川,10
四万十町観光協会,0
柏島ダイビングサービスフィンハウス,16
カツオふれあいセンター黒潮一番館,9
ヒメノボタンの里,1
一條神社,7
森岡観光りんごもも園,3
